<?xml version = '1.0' encoding = 'UTF-8'?>
<Diagram class="oracle.dbtools.crest.swingui.logical.DPVLogical" name="Logical" id="D7DBFE74-6744-2D0D-A1D4-DCC956749C4D">
<createdBy>dishi</createdBy>
<modifiedBy>dishi</modifiedBy>
<createdTime>2019-09-23 14:09:39 UTC</createdTime>
<autoRoute>false</autoRoute>
<boxInbox>true</boxInbox>
<showLegend>true</showLegend>
<showLabels>true</showLabels>
<showRelAttributes>false</showRelAttributes>
<gridEnabled>false</gridEnabled>
<showGrid>false</showGrid>
<diagramColor>-1</diagramColor>
<legendPosX>46</legendPosX>
<legendPosY>8</legendPosY>
<display>false</display>
<notation>2</notation>
<showAllDetails>false</showAllDetails>
<showElements>true</showElements>
<propertyMap>
<property name="Student Authcat ID" value="djai0003"/>
<property name="Student ID" value="30759307"/>
</propertyMap>
<objectViews>
<OView class="oracle.dbtools.crest.swingui.logical.TVEntity" oid="000DC0F4-8280-7E4C-4FC6-00C2B998B626" otype="Entity" vid="5D3FB01D-E707-1FB9-ED87-0DB18F2EDE3A">
<hideElementsInCurrentOnly>false</hideElementsInCurrentOnly>
<bounds x="96" y="260" width="170" height="95"/>
</OView>
<OView class="oracle.dbtools.crest.swingui.logical.TVEntity" oid="052B69C2-43B9-CCAE-EB7C-049120B55C26" otype="Entity" vid="E325663E-9625-F777-A027-CA459B708EC7">
<hideElementsInCurrentOnly>false</hideElementsInCurrentOnly>
<bounds x="1112" y="449" width="188" height="127"/>
</OView>
<OView class="oracle.dbtools.crest.swingui.logical.TVEntity" oid="06D7E47C-3A52-9FE8-4B10-C7D819F313BB" otype="Entity" vid="BE67E8A5-CD03-36F3-E049-EE4DF5F2CB48">
<hideElementsInCurrentOnly>false</hideElementsInCurrentOnly>
<bounds x="372" y="743" width="172" height="72"/>
</OView>
<OView class="oracle.dbtools.crest.swingui.logical.TVEntity" oid="0D0479FC-F832-EAD0-9275-2572EB57212B" otype="Entity" vid="598D045D-A292-F319-608D-4910180A277A">
<hideElementsInCurrentOnly>false</hideElementsInCurrentOnly>
<bounds x="1408" y="452" width="143" height="109"/>
</OView>
<OView class="oracle.dbtools.crest.swingui.logical.TVEntity" oid="22C23B5B-61A9-FFDB-39F5-423E42F50BA2" otype="Entity" vid="AD2DC7D2-D420-BC36-5CC5-7C8D03E9C771">
<hideElementsInCurrentOnly>false</hideElementsInCurrentOnly>
<bounds x="79" y="594" width="156" height="72"/>
</OView>
<OView class="oracle.dbtools.crest.swingui.logical.TVEntity" oid="3756E831-02B1-1285-06DB-C39BB2F2E744" otype="Entity" vid="85EE68D8-E231-4A61-82E7-6513EEB53D71">
<hideElementsInCurrentOnly>false</hideElementsInCurrentOnly>
<bounds x="78" y="480" width="165" height="53"/>
</OView>
<OView class="oracle.dbtools.crest.swingui.logical.TVEntity" oid="4D371389-8090-F233-7960-68915F9DF042" otype="Entity" vid="68EAD5E9-18AD-146D-467C-91C8BCBF1BF8">
<hideElementsInCurrentOnly>false</hideElementsInCurrentOnly>
<bounds x="84" y="741" width="145" height="63"/>
</OView>
<OView class="oracle.dbtools.crest.swingui.logical.TVEntity" oid="5F8B540A-6A33-0C09-0EEA-FD34449CE71C" otype="Entity" vid="6358537B-9512-2931-633B-2928773A2BDB">
<hideElementsInCurrentOnly>false</hideElementsInCurrentOnly>
<bounds x="360" y="269" width="162" height="103"/>
</OView>
<OView class="oracle.dbtools.crest.swingui.logical.TVEntity" oid="6978E1EE-AE24-2D33-958A-487DD907FCDA" otype="Entity" vid="CD81E387-0380-30D3-BBFC-48C5856847FC">
<hideElementsInCurrentOnly>false</hideElementsInCurrentOnly>
<bounds x="569" y="535" width="167" height="76"/>
</OView>
<OView class="oracle.dbtools.crest.swingui.logical.TVEntity" oid="7434131C-8AC9-F49D-2925-323886857BDA" otype="Entity" vid="66E10E11-EFC7-4593-E11B-49AB8FBD5396">
<hideElementsInCurrentOnly>false</hideElementsInCurrentOnly>
<bounds x="905" y="132" width="179" height="95"/>
</OView>
<OView class="oracle.dbtools.crest.swingui.logical.TVEntity" oid="802623C6-D89C-0D05-C5C7-45D37AB65CD2" otype="Entity" vid="1FEA8ADA-DE06-20A4-D4BD-12184B035CA1">
<hideElementsInCurrentOnly>false</hideElementsInCurrentOnly>
<bounds x="1114" y="285" width="178" height="111"/>
</OView>
<OView class="oracle.dbtools.crest.swingui.logical.TVEntity" oid="8FF0CEF4-9681-F81E-10B1-82D1F1A13ACD" otype="Entity" vid="1CD381A4-05A3-A503-23F9-5962FBE3DC20">
<hideElementsInCurrentOnly>false</hideElementsInCurrentOnly>
<bounds x="352" y="505" width="191" height="129"/>
</OView>
<OView class="oracle.dbtools.crest.swingui.logical.TVEntity" oid="A0CAD6A7-EB31-C411-3401-1FE9E3D8574A" otype="Entity" vid="01FB6C7A-79C9-609C-17CF-42E9453C2B10">
<hideElementsInCurrentOnly>false</hideElementsInCurrentOnly>
<bounds x="1118" y="751" width="198" height="82"/>
</OView>
<OView class="oracle.dbtools.crest.swingui.logical.TVEntity" oid="B0FAD74F-9F0B-0FFC-EEA3-6C8AC82B9EAF" otype="Entity" vid="B493034F-2216-E863-A467-52D664F03EF5">
<hideElementsInCurrentOnly>false</hideElementsInCurrentOnly>
<bounds x="757" y="754" width="180" height="78"/>
</OView>
<OView class="oracle.dbtools.crest.swingui.logical.TVEntity" oid="B81A280F-0D46-C769-F73A-7F1B5AEA14EE" otype="Entity" vid="DC1F521A-D0C7-1EEF-D4F7-53ECE3DC575E">
<hideElementsInCurrentOnly>false</hideElementsInCurrentOnly>
<bounds x="1131" y="624" width="167" height="63"/>
</OView>
<OView class="oracle.dbtools.crest.swingui.logical.TVEntity" oid="C68DEB68-A5FE-5A3C-E0E9-F25724C39DC4" otype="Entity" vid="B81591E8-5057-EB83-D954-FE04E7197A2A">
<hideElementsInCurrentOnly>false</hideElementsInCurrentOnly>
<bounds x="766" y="265" width="163" height="141"/>
</OView>
<OView class="oracle.dbtools.crest.swingui.logical.TVEntity" oid="D131C258-5697-E7F5-3418-E77777846F09" otype="Entity" vid="77C82E6B-01CC-DC0B-1F44-6FF55401CD69">
<hideElementsInCurrentOnly>false</hideElementsInCurrentOnly>
<bounds x="1404" y="131" width="129" height="94"/>
</OView>
<OView class="oracle.dbtools.crest.swingui.logical.TVEntity" oid="E711B5BE-8EF7-21AE-55C4-DFC7B411D7E4" otype="Entity" vid="F282BDD2-60F6-690B-D3D2-77FB3CB09638">
<hideElementsInCurrentOnly>false</hideElementsInCurrentOnly>
<bounds x="757" y="496" width="175" height="182"/>
</OView>
<OView class="oracle.dbtools.crest.swingui.logical.TVEntity" oid="ED3EE7E2-0670-82AA-1997-3C1D3A41E82B" otype="Entity" vid="4A25BE0C-8833-36D8-7BF0-2B66D90CC102">
<hideElementsInCurrentOnly>false</hideElementsInCurrentOnly>
<bounds x="1106" y="39" width="174" height="69"/>
</OView>
<OView class="oracle.dbtools.crest.swingui.TVLegend" oid="F7145DCD-74CB-FBE1-64DE-544690AB68AF" otype="Legend" vid="3FB25D4F-BE29-F796-FED4-0D2D02C70EDA">
<hideElementsInCurrentOnly>false</hideElementsInCurrentOnly>
<bounds x="46" y="8" width="286" height="173"/>
</OView>
</objectViews>
<connectors>
<Connector class="oracle.dbtools.crest.swingui.logical.TVRelation" oid="0309754F-0C49-FB5A-85AA-AFB8D4E40D01" otype="Relation" vid_source="85EE68D8-E231-4A61-82E7-6513EEB53D71" vid_target="1CD381A4-05A3-A503-23F9-5962FBE3DC20">
<hideElementsInCurrentOnly>false</hideElementsInCurrentOnly>
<backgroundColor>-16777216</backgroundColor>
<lineWidth>1</lineWidth>
<sourceLabel class="oracle.dbtools.crest.model.design.Label">
<site>0</site>
<labelBounds x="253" y="489" width="95" height="30"/>
<noBackgroundColor>true</noBackgroundColor>
<noForegroundColor>true</noForegroundColor>
</sourceLabel>
<points>
<point x="243" y="519"/>
<point x="352" y="519"/>
</points>
</Connector>
<Connector class="oracle.dbtools.crest.swingui.logical.TVRelation" oid="0B57CEDE-D0EB-6B7F-A171-60E2BED05A6A" otype="Relation" vid_source="1CD381A4-05A3-A503-23F9-5962FBE3DC20" vid_target="6358537B-9512-2931-633B-2928773A2BDB">
<hideElementsInCurrentOnly>false</hideElementsInCurrentOnly>
<backgroundColor>-16777216</backgroundColor>
<lineWidth>1</lineWidth>
<sourceLabel class="oracle.dbtools.crest.model.design.Label">
<site>0</site>
<labelBounds x="441" y="445" width="31" height="30"/>
<noBackgroundColor>true</noBackgroundColor>
<noForegroundColor>true</noForegroundColor>
</sourceLabel>
<points>
<point x="441" y="505"/>
<point x="441" y="412"/>
</points>
</Connector>
<Connector class="oracle.dbtools.crest.swingui.logical.TVRelation" oid="3B760B68-D70E-C212-DDF7-D3CC78A9EC12" otype="Relation" vid_source="1CD381A4-05A3-A503-23F9-5962FBE3DC20" vid_target="BE67E8A5-CD03-36F3-E049-EE4DF5F2CB48">
<hideElementsInCurrentOnly>false</hideElementsInCurrentOnly>
<backgroundColor>-16777216</backgroundColor>
<lineWidth>1</lineWidth>
<sourceLabel class="oracle.dbtools.crest.model.design.Label">
<site>0</site>
<labelBounds x="457" y="665" width="26" height="9"/>
<noBackgroundColor>true</noBackgroundColor>
<noForegroundColor>true</noForegroundColor>
</sourceLabel>
<points>
<point x="457" y="634"/>
<point x="457" y="743"/>
</points>
</Connector>
<Connector class="oracle.dbtools.crest.swingui.logical.TVRelation" oid="427C3B6A-9F51-D310-C304-9B9FF47D0709" otype="Relation" vid_source="AD2DC7D2-D420-BC36-5CC5-7C8D03E9C771" vid_target="1CD381A4-05A3-A503-23F9-5962FBE3DC20">
<hideElementsInCurrentOnly>false</hideElementsInCurrentOnly>
<backgroundColor>-16777216</backgroundColor>
<lineWidth>1</lineWidth>
<sourceLabel class="oracle.dbtools.crest.model.design.Label">
<site>0</site>
<labelBounds x="245" y="596" width="94" height="18"/>
<noBackgroundColor>true</noBackgroundColor>
<noForegroundColor>true</noForegroundColor>
</sourceLabel>
<points>
<point x="235" y="614"/>
<point x="352" y="614"/>
</points>
</Connector>
<Connector class="oracle.dbtools.crest.swingui.logical.TVRelation" oid="4AC921CC-6AA7-04C6-1AAE-6254DDA52FFA" otype="Relation" vid_source="F282BDD2-60F6-690B-D3D2-77FB3CB09638" vid_target="E325663E-9625-F777-A027-CA459B708EC7">
<hideElementsInCurrentOnly>false</hideElementsInCurrentOnly>
<backgroundColor>-16777216</backgroundColor>
<lineWidth>1</lineWidth>
<sourceLabel class="oracle.dbtools.crest.model.design.Label">
<site>0</site>
<labelBounds x="942" y="521" width="40" height="30"/>
<noBackgroundColor>true</noBackgroundColor>
<noForegroundColor>true</noForegroundColor>
</sourceLabel>
<points>
<point x="932" y="551"/>
<point x="1112" y="551"/>
</points>
</Connector>
<Connector class="oracle.dbtools.crest.swingui.logical.TVRelation" oid="4D632B56-1F17-297B-2FBA-F2144E82B7A9" otype="Relation" vid_source="F282BDD2-60F6-690B-D3D2-77FB3CB09638" vid_target="B81591E8-5057-EB83-D954-FE04E7197A2A">
<hideElementsInCurrentOnly>false</hideElementsInCurrentOnly>
<backgroundColor>-16777216</backgroundColor>
<lineWidth>1</lineWidth>
<sourceLabel class="oracle.dbtools.crest.model.design.Label">
<site>0</site>
<labelBounds x="862" y="460" width="67" height="30"/>
<noBackgroundColor>true</noBackgroundColor>
<noForegroundColor>true</noForegroundColor>
</sourceLabel>
<points>
<point x="862" y="496"/>
<point x="862" y="406"/>
</points>
</Connector>
<Connector class="oracle.dbtools.crest.swingui.logical.TVRelation" oid="4E96345E-9D15-201E-54FA-454CA1DB58F9" otype="Relation" vid_source="66E10E11-EFC7-4593-E11B-49AB8FBD5396" vid_target="4A25BE0C-8833-36D8-7BF0-2B66D90CC102">
<hideElementsInCurrentOnly>false</hideElementsInCurrentOnly>
<backgroundColor>-16777216</backgroundColor>
<lineWidth>1</lineWidth>
<sourceLabel class="oracle.dbtools.crest.model.design.Label">
<site>0</site>
<labelBounds x="954" y="10" width="65" height="116"/>
<noBackgroundColor>true</noBackgroundColor>
<noForegroundColor>true</noForegroundColor>
</sourceLabel>
<points>
<point x="954" y="132"/>
<point x="954" y="68"/>
<point x="1106" y="68"/>
</points>
</Connector>
<Connector class="oracle.dbtools.crest.swingui.logical.TVRelation" oid="5C0BE755-6139-5CCA-8855-D92F8E9134D2" otype="Relation" vid_source="68EAD5E9-18AD-146D-467C-91C8BCBF1BF8" vid_target="BE67E8A5-CD03-36F3-E049-EE4DF5F2CB48">
<hideElementsInCurrentOnly>false</hideElementsInCurrentOnly>
<backgroundColor>-16777216</backgroundColor>
<lineWidth>1</lineWidth>
<sourceLabel class="oracle.dbtools.crest.model.design.Label">
<site>0</site>
<labelBounds x="239" y="743" width="58" height="30"/>
<noBackgroundColor>true</noBackgroundColor>
<noForegroundColor>true</noForegroundColor>
</sourceLabel>
<points>
<point x="229" y="773"/>
<point x="372" y="773"/>
</points>
</Connector>
<Connector class="oracle.dbtools.crest.swingui.logical.TVRelation" oid="62B57A70-7935-6685-A19C-CDD86DD44354" otype="Relation" vid_source="01FB6C7A-79C9-609C-17CF-42E9453C2B10" vid_target="DC1F521A-D0C7-1EEF-D4F7-53ECE3DC575E">
<hideElementsInCurrentOnly>false</hideElementsInCurrentOnly>
<backgroundColor>-16777216</backgroundColor>
<lineWidth>1</lineWidth>
<sourceLabel class="oracle.dbtools.crest.model.design.Label">
<site>0</site>
<labelBounds x="1214" y="715" width="55" height="30"/>
<noBackgroundColor>true</noBackgroundColor>
<noForegroundColor>true</noForegroundColor>
</sourceLabel>
<points>
<point x="1214" y="751"/>
<point x="1214" y="687"/>
</points>
</Connector>
<Connector class="oracle.dbtools.crest.swingui.logical.TVRelation" oid="66F8EF39-80ED-D1D0-24D0-2875C312E025" otype="Relation" vid_source="6358537B-9512-2931-633B-2928773A2BDB" vid_target="5D3FB01D-E707-1FB9-ED87-0DB18F2EDE3A">
<hideElementsInCurrentOnly>false</hideElementsInCurrentOnly>
<backgroundColor>-16777216</backgroundColor>
<lineWidth>1</lineWidth>
<sourceLabel class="oracle.dbtools.crest.model.design.Label">
<site>0</site>
<labelBounds x="323" y="282" width="31" height="30"/>
<noBackgroundColor>true</noBackgroundColor>
<noForegroundColor>true</noForegroundColor>
</sourceLabel>
<points>
<point x="360" y="312"/>
<point x="266" y="319"/>
</points>
</Connector>
<Connector class="oracle.dbtools.crest.swingui.logical.TVRelation" oid="7DAC8F23-08FF-17EB-559C-28254DE272C5" otype="Relation" vid_source="77C82E6B-01CC-DC0B-1F44-6FF55401CD69" vid_target="4A25BE0C-8833-36D8-7BF0-2B66D90CC102">
<hideElementsInCurrentOnly>false</hideElementsInCurrentOnly>
<backgroundColor>-16777216</backgroundColor>
<lineWidth>1</lineWidth>
<sourceLabel class="oracle.dbtools.crest.model.design.Label">
<site>0</site>
<labelBounds x="1461" y="40" width="31" height="85"/>
<noBackgroundColor>true</noBackgroundColor>
<noForegroundColor>true</noForegroundColor>
</sourceLabel>
<points>
<point x="1461" y="131"/>
<point x="1461" y="64"/>
<point x="1280" y="64"/>
</points>
</Connector>
<Connector class="oracle.dbtools.crest.swingui.logical.TVRelation" oid="7DE5B492-B470-EE59-9BF7-31305130C90D" otype="Relation" vid_source="6358537B-9512-2931-633B-2928773A2BDB" vid_target="B81591E8-5057-EB83-D954-FE04E7197A2A">
<hideElementsInCurrentOnly>false</hideElementsInCurrentOnly>
<backgroundColor>-16777216</backgroundColor>
<lineWidth>1</lineWidth>
<sourceLabel class="oracle.dbtools.crest.model.design.Label">
<site>0</site>
<labelBounds x="532" y="275" width="66" height="30"/>
<noBackgroundColor>true</noBackgroundColor>
<noForegroundColor>true</noForegroundColor>
</sourceLabel>
<points>
<point x="522" y="305"/>
<point x="766" y="305"/>
</points>
</Connector>
<Connector class="oracle.dbtools.crest.swingui.logical.TVRelation" oid="85D9AD07-FAA7-39F1-3DD2-2BB12B2EEB4F" otype="Relation" vid_source="66E10E11-EFC7-4593-E11B-49AB8FBD5396" vid_target="77C82E6B-01CC-DC0B-1F44-6FF55401CD69">
<hideElementsInCurrentOnly>false</hideElementsInCurrentOnly>
<backgroundColor>-16777216</backgroundColor>
<lineWidth>1</lineWidth>
<targetLabel class="oracle.dbtools.crest.model.design.Label">
<site>2</site>
<labelBounds x="1194" y="204" width="179" height="30"/>
<noBackgroundColor>true</noBackgroundColor>
<noForegroundColor>true</noForegroundColor>
</targetLabel>
<points>
<point x="1084" y="178"/>
<point x="1404" y="178"/>
</points>
</Connector>
<Connector class="oracle.dbtools.crest.swingui.logical.TVRelation" oid="A2CE2FA8-F343-80CF-37F9-4FE76212B944" otype="Relation" vid_source="66E10E11-EFC7-4593-E11B-49AB8FBD5396" vid_target="B81591E8-5057-EB83-D954-FE04E7197A2A">
<hideElementsInCurrentOnly>false</hideElementsInCurrentOnly>
<backgroundColor>-16777216</backgroundColor>
<lineWidth>1</lineWidth>
<targetLabel class="oracle.dbtools.crest.model.design.Label">
<site>2</site>
<labelBounds x="797" y="230" width="88" height="58"/>
<noBackgroundColor>true</noBackgroundColor>
<noForegroundColor>true</noForegroundColor>
<targetAboveTheLine>true</targetAboveTheLine>
</targetLabel>
<points>
<point x="905" y="188"/>
<point x="823" y="188"/>
<point x="823" y="265"/>
</points>
</Connector>
<Connector class="oracle.dbtools.crest.swingui.logical.TVRelation" oid="BF3ABF71-2BEE-ABD6-D57A-EB41F3849FEE" otype="Relation" vid_source="CD81E387-0380-30D3-BBFC-48C5856847FC" vid_target="6358537B-9512-2931-633B-2928773A2BDB">
<hideElementsInCurrentOnly>false</hideElementsInCurrentOnly>
<backgroundColor>-16777216</backgroundColor>
<lineWidth>1</lineWidth>
<sourceLabel class="oracle.dbtools.crest.model.design.Label">
<site>0</site>
<labelBounds x="637" y="499" width="31" height="30"/>
<noBackgroundColor>true</noBackgroundColor>
<noForegroundColor>true</noForegroundColor>
</sourceLabel>
<points>
<point x="637" y="535"/>
<point x="637" y="354"/>
<point x="522" y="354"/>
</points>
</Connector>
<Connector class="oracle.dbtools.crest.swingui.logical.TVRelation" oid="C99A0479-ECE0-8EC6-F3AE-2D54728B7FCF" otype="Relation" vid_source="1FEA8ADA-DE06-20A4-D4BD-12184B035CA1" vid_target="B81591E8-5057-EB83-D954-FE04E7197A2A">
<hideElementsInCurrentOnly>false</hideElementsInCurrentOnly>
<backgroundColor>-16777216</backgroundColor>
<lineWidth>1</lineWidth>
<sourceLabel class="oracle.dbtools.crest.model.design.Label">
<site>0</site>
<labelBounds x="936" y="276" width="172" height="64"/>
<noBackgroundColor>true</noBackgroundColor>
<noForegroundColor>true</noForegroundColor>
</sourceLabel>
<points>
<point x="1114" y="340"/>
<point x="929" y="340"/>
</points>
</Connector>
<Connector class="oracle.dbtools.crest.swingui.logical.TVRelation" oid="D2F69B8C-EE92-360C-F799-3AF4A20BE5FB" otype="Relation" vid_source="F282BDD2-60F6-690B-D3D2-77FB3CB09638" vid_target="B493034F-2216-E863-A467-52D664F03EF5">
<hideElementsInCurrentOnly>false</hideElementsInCurrentOnly>
<backgroundColor>-16777216</backgroundColor>
<lineWidth>1</lineWidth>
<sourceLabel class="oracle.dbtools.crest.model.design.Label">
<site>0</site>
<labelBounds x="844" y="725" width="41" height="33"/>
<noBackgroundColor>true</noBackgroundColor>
<noForegroundColor>true</noForegroundColor>
</sourceLabel>
<points>
<point x="844" y="678"/>
<point x="844" y="754"/>
</points>
</Connector>
<Connector class="oracle.dbtools.crest.swingui.logical.TVRelation" oid="DFF96B1A-3019-7D62-457B-E68C196FCE3D" otype="Relation" vid_source="CD81E387-0380-30D3-BBFC-48C5856847FC" vid_target="B493034F-2216-E863-A467-52D664F03EF5">
<hideElementsInCurrentOnly>false</hideElementsInCurrentOnly>
<backgroundColor>-16777216</backgroundColor>
<lineWidth>1</lineWidth>
<sourceLabel class="oracle.dbtools.crest.model.design.Label">
<site>0</site>
<labelBounds x="639" y="655" width="31" height="30"/>
<noBackgroundColor>true</noBackgroundColor>
<noForegroundColor>true</noForegroundColor>
</sourceLabel>
<points>
<point x="639" y="611"/>
<point x="639" y="787"/>
<point x="757" y="787"/>
</points>
</Connector>
<Connector class="oracle.dbtools.crest.swingui.logical.TVRelation" oid="ED8671AF-94AD-9A3A-4469-2011B160B61D" otype="Relation" vid_source="F282BDD2-60F6-690B-D3D2-77FB3CB09638" vid_target="DC1F521A-D0C7-1EEF-D4F7-53ECE3DC575E">
<hideElementsInCurrentOnly>false</hideElementsInCurrentOnly>
<backgroundColor>-16777216</backgroundColor>
<lineWidth>1</lineWidth>
<sourceLabel class="oracle.dbtools.crest.model.design.Label">
<site>0</site>
<labelBounds x="942" y="621" width="40" height="30"/>
<noBackgroundColor>true</noBackgroundColor>
<noForegroundColor>true</noForegroundColor>
</sourceLabel>
<points>
<point x="932" y="651"/>
<point x="1131" y="651"/>
</points>
</Connector>
<Connector class="oracle.dbtools.crest.swingui.logical.TVRelation" oid="EDAF7A07-E3FD-8303-93AF-3E2B06F4AF40" otype="Relation" vid_source="598D045D-A292-F319-608D-4910180A277A" vid_target="E325663E-9625-F777-A027-CA459B708EC7">
<hideElementsInCurrentOnly>false</hideElementsInCurrentOnly>
<backgroundColor>-16777216</backgroundColor>
<lineWidth>1</lineWidth>
<sourceLabel class="oracle.dbtools.crest.model.design.Label">
<site>0</site>
<labelBounds x="1371" y="476" width="31" height="30"/>
<noBackgroundColor>true</noBackgroundColor>
<noForegroundColor>true</noForegroundColor>
</sourceLabel>
<points>
<point x="1408" y="506"/>
<point x="1300" y="506"/>
</points>
</Connector>
</connectors>
</Diagram>