<?xml version = '1.0' encoding = 'UTF-8'?>
<Entity class="oracle.dbtools.crest.model.design.logical.Entity" directorySegmentName="seg_0" id="000DC0F4-8280-7E4C-4FC6-00C2B998B626" name="REGISTRATION">
<createdBy>dishi</createdBy>
<createdTime>2019-09-25 18:50:47 UTC</createdTime>
<ownerDesignName>DMD_A2</ownerDesignName>
<engineerTo>
<item key="63095FFB-F036-113B-9228-5FE67152BBF5" value="true"/>
</engineerTo>
<adequatelyNormalized>NO</adequatelyNormalized>
<expectedVolumes>0</expectedVolumes>
<fwdEngineeringStrategyName>Single Table</fwdEngineeringStrategyName>
<growthPercent>0</growthPercent>
<growthType>Year</growthType>
<maxVolumes>9999999</maxVolumes>
<minVolumes>0</minVolumes>
<normalForm>Third</normalForm>
<attributes itemClass="oracle.dbtools.crest.model.design.logical.Attribute">
<Attribute name="reg_date" id="94F9EA3D-8810-67C8-A0C3-1FE845982FB8">
<createdBy>dishi</createdBy>
<createdTime>2019-09-25 18:51:05 UTC</createdTime>
<commentInRDBMS>the registration date of the vehicle</commentInRDBMS>
<ownerDesignName>DMD_A2</ownerDesignName>
<engineerTo>
<item key="63095FFB-F036-113B-9228-5FE67152BBF5" value="true"/>
</engineerTo>
<useDomainConstraints>false</useDomainConstraints>
<use>1</use>
<logicalDatatype>LOGDT007</logicalDatatype>
<ownDataTypeParameters>,,</ownDataTypeParameters>
</Attribute>
<Attribute name="reg_number" id="4F22C638-0B81-B019-464A-BB0EC509B6BE">
<createdBy>dishi</createdBy>
<createdTime>2019-09-25 18:51:31 UTC</createdTime>
<commentInRDBMS>the registration number for the vehicle</commentInRDBMS>
<ownerDesignName>DMD_A2</ownerDesignName>
<engineerTo>
<item key="63095FFB-F036-113B-9228-5FE67152BBF5" value="true"/>
</engineerTo>
<useDomainConstraints>false</useDomainConstraints>
<use>1</use>
<logicalDatatype>LOGDT024</logicalDatatype>
<dataTypeSize>15 CHAR</dataTypeSize>
<ownDataTypeParameters>15 CHAR,,</ownDataTypeParameters>
</Attribute>
<Attribute name="dereg_date" id="FDA3FF71-0C3C-39D9-D11B-27F773A83955">
<createdBy>dishi</createdBy>
<createdTime>2019-09-25 18:52:23 UTC</createdTime>
<commentInRDBMS>The de registration date of the vehicle</commentInRDBMS>
<ownerDesignName>DMD_A2</ownerDesignName>
<engineerTo>
<item key="63095FFB-F036-113B-9228-5FE67152BBF5" value="true"/>
</engineerTo>
<nullsAllowed>true</nullsAllowed>
<useDomainConstraints>false</useDomainConstraints>
<use>1</use>
<logicalDatatype>LOGDT007</logicalDatatype>
<ownDataTypeParameters>,,</ownDataTypeParameters>
</Attribute>
<Attribute name="VIN" id="0275D124-D7BE-3AA4-7CBA-6E8075E66E72">
<createdBy>dishi</createdBy>
<createdTime>2019-09-25 18:52:55 UTC</createdTime>
<commentInRDBMS>the vehicle identification number</commentInRDBMS>
<generatorID>66F8EF39-80ED-D1D0-24D0-2875C312E025</generatorID>
<ownerDesignName>DMD_A2</ownerDesignName>
<engineerTo>
<item key="63095FFB-F036-113B-9228-5FE67152BBF5" value="true"/>
</engineerTo>
<referedAttribute>4DA01BB1-51E4-CC03-F503-5B4EF28AD3F9</referedAttribute>
<useDomainConstraints>false</useDomainConstraints>
<use>1</use>
<logicalDatatype>LOGDT024</logicalDatatype>
<dataTypeSize>15 CHAR</dataTypeSize>
<ownDataTypeParameters>,,</ownDataTypeParameters>
</Attribute>
</attributes>
<identifiers itemClass="oracle.dbtools.crest.model.design.logical.CandidateKey">
<identifier id="3825FEBD-DAD8-C0A2-3EEC-ADE661EC58AA" name="REGISTRATION PK">
<createdBy>dishi</createdBy>
<createdTime>2019-09-25 18:51:12 UTC</createdTime>
<ownerDesignName>DMD_A2</ownerDesignName>
<engineerTo>
<item key="63095FFB-F036-113B-9228-5FE67152BBF5" value="true"/>
</engineerTo>
<pk>true</pk>
<usedAttributes>
<attributeRef>94F9EA3D-8810-67C8-A0C3-1FE845982FB8</attributeRef>
<attributeRef>0275D124-D7BE-3AA4-7CBA-6E8075E66E72</attributeRef>
</usedAttributes>
</identifier>
</identifiers>
</Entity>