<?xml version = '1.0' encoding = 'UTF-8'?>
<Entity class="oracle.dbtools.crest.model.design.logical.Entity" directorySegmentName="seg_0" id="052B69C2-43B9-CCAE-EB7C-049120B55C26" name="CANCELLATION">
<createdBy>dishi</createdBy>
<createdTime>2019-09-23 16:59:07 UTC</createdTime>
<ownerDesignName>DMD_A2</ownerDesignName>
<engineerTo>
<item key="63095FFB-F036-113B-9228-5FE67152BBF5" value="true"/>
</engineerTo>
<adequatelyNormalized>NO</adequatelyNormalized>
<expectedVolumes>0</expectedVolumes>
<fwdEngineeringStrategyName>Single Table</fwdEngineeringStrategyName>
<growthPercent>0</growthPercent>
<growthType>Year</growthType>
<maxVolumes>9999999</maxVolumes>
<minVolumes>0</minVolumes>
<normalForm>Third</normalForm>
<attributes itemClass="oracle.dbtools.crest.model.design.logical.Attribute">
<Attribute name="cancel_id" id="3A30599C-5D15-B188-96CB-6C4BC2624C3F">
<createdBy>dishi</createdBy>
<createdTime>2019-09-25 05:00:52 UTC</createdTime>
<commentInRDBMS>Surrogate key. Cancellation id</commentInRDBMS>
<ownerDesignName>DMD_A2</ownerDesignName>
<engineerTo>
<item key="63095FFB-F036-113B-9228-5FE67152BBF5" value="true"/>
</engineerTo>
<useDomainConstraints>false</useDomainConstraints>
<use>1</use>
<logicalDatatype>LOGDT019</logicalDatatype>
<dataTypePrecision>0</dataTypePrecision>
<dataTypeScale>10</dataTypeScale>
<ownDataTypeParameters>,0,10</ownDataTypeParameters>
</Attribute>
<Attribute name="cancel_date" id="CF8D84FC-2360-2C28-49CE-AE668BA4B4E5">
<createdBy>dishi</createdBy>
<createdTime>2019-09-23 16:59:34 UTC</createdTime>
<commentInRDBMS>Date on which licence is cancelled</commentInRDBMS>
<ownerDesignName>DMD_A2</ownerDesignName>
<engineerTo>
<item key="63095FFB-F036-113B-9228-5FE67152BBF5" value="true"/>
</engineerTo>
<useDomainConstraints>false</useDomainConstraints>
<use>1</use>
<logicalDatatype>LOGDT007</logicalDatatype>
<ownDataTypeParameters>,,</ownDataTypeParameters>
</Attribute>
<Attribute name="cancel_court_date" id="38BEFB46-C6AC-78D8-AAF3-F087A064B223">
<createdBy>dishi</createdBy>
<createdTime>2019-09-23 17:03:23 UTC</createdTime>
<commentInRDBMS>Date of hearing in court after licence is cancelled</commentInRDBMS>
<ownerDesignName>DMD_A2</ownerDesignName>
<engineerTo>
<item key="63095FFB-F036-113B-9228-5FE67152BBF5" value="true"/>
</engineerTo>
<nullsAllowed>true</nullsAllowed>
<useDomainConstraints>false</useDomainConstraints>
<use>1</use>
<logicalDatatype>LOGDT007</logicalDatatype>
<ownDataTypeParameters>,,</ownDataTypeParameters>
</Attribute>
<Attribute name="cancel_licence_renew_date" id="94E0E86B-D606-1F24-43F3-9B7FF2AB6F96">
<createdBy>dishi</createdBy>
<createdTime>2019-09-23 17:03:57 UTC</createdTime>
<commentInRDBMS>Licence renew date after court hearing</commentInRDBMS>
<ownerDesignName>DMD_A2</ownerDesignName>
<engineerTo>
<item key="63095FFB-F036-113B-9228-5FE67152BBF5" value="true"/>
</engineerTo>
<nullsAllowed>true</nullsAllowed>
<useDomainConstraints>false</useDomainConstraints>
<use>1</use>
<logicalDatatype>LOGDT007</logicalDatatype>
<ownDataTypeParameters>,,</ownDataTypeParameters>
</Attribute>
<Attribute name="cancel_reason" id="C0DBC855-C3B0-896D-EB1F-2466B5F6F5B1">
<createdBy>dishi</createdBy>
<createdTime>2019-09-24 21:22:27 UTC</createdTime>
<commentInRDBMS>The reason of cancellation</commentInRDBMS>
<generatorID>EDAF7A07-E3FD-8303-93AF-3E2B06F4AF40</generatorID>
<ownerDesignName>DMD_A2</ownerDesignName>
<engineerTo>
<item key="63095FFB-F036-113B-9228-5FE67152BBF5" value="true"/>
</engineerTo>
<referedAttribute>0481CC45-481E-E5CF-DFB6-D2FA2BE120E0</referedAttribute>
<useDomainConstraints>false</useDomainConstraints>
<use>1</use>
<logicalDatatype>LOGDT024</logicalDatatype>
<dataTypeSize>20 CHAR</dataTypeSize>
<ownDataTypeParameters>,,</ownDataTypeParameters>
</Attribute>
<Attribute name="driver_licence_no" id="8A93EA29-315E-7357-1C46-E49E6F3507AB">
<createdBy>dishi</createdBy>
<createdTime>2019-09-25 19:01:25 UTC</createdTime>
<commentInRDBMS>licence number</commentInRDBMS>
<generatorID>4AC921CC-6AA7-04C6-1AAE-6254DDA52FFA</generatorID>
<ownerDesignName>DMD_A2</ownerDesignName>
<engineerTo>
<item key="63095FFB-F036-113B-9228-5FE67152BBF5" value="true"/>
</engineerTo>
<referedAttribute>F049B6B3-5301-1342-5C0A-9216ECDD7F12</referedAttribute>
<useDomainConstraints>false</useDomainConstraints>
<use>1</use>
<logicalDatatype>LOGDT019</logicalDatatype>
<dataTypePrecision>0</dataTypePrecision>
<dataTypeScale>10</dataTypeScale>
<ownDataTypeParameters>,,</ownDataTypeParameters>
</Attribute>
</attributes>
<identifiers itemClass="oracle.dbtools.crest.model.design.logical.CandidateKey">
<identifier id="18431DE5-59E7-31DE-6611-DD12D7D28850" name="CANCELLATION PK">
<createdBy>dishi</createdBy>
<createdTime>2019-09-23 16:59:41 UTC</createdTime>
<ownerDesignName>DMD_A2</ownerDesignName>
<shouldEngineer>false</shouldEngineer>
<engineerTo>
<item key="63095FFB-F036-113B-9228-5FE67152BBF5" value="false"/>
</engineerTo>
<pk>true</pk>
<usedAttributes>
<attributeRef>3A30599C-5D15-B188-96CB-6C4BC2624C3F</attributeRef>
</usedAttributes>
</identifier>
<identifier id="A48A4880-50D5-487D-5D18-6981901FF6A6" name="Key_2">
<createdBy>dishi</createdBy>
<createdTime>2019-09-25 05:05:38 UTC</createdTime>
<ownerDesignName>DMD_A2</ownerDesignName>
<shouldEngineer>false</shouldEngineer>
<engineerTo>
<item key="63095FFB-F036-113B-9228-5FE67152BBF5" value="false"/>
</engineerTo>
<newElementsIDs>CF8D84FC-2360-2C28-49CE-AE668BA4B4E5,89365E4E-A141-CB67-0C28-C164B11C7F78</newElementsIDs>
<usedAttributes>
<attributeRef>CF8D84FC-2360-2C28-49CE-AE668BA4B4E5</attributeRef>
</usedAttributes>
</identifier>
</identifiers>
</Entity>