<?xml version = '1.0' encoding = 'UTF-8'?>
<Entity class="oracle.dbtools.crest.model.design.logical.Entity" directorySegmentName="seg_0" id="06D7E47C-3A52-9FE8-4B10-C7D819F313BB" name="ACCOMMODATE">
<createdBy>dishi</createdBy>
<createdTime>2019-09-24 18:04:06 UTC</createdTime>
<ownerDesignName>DMD_A2</ownerDesignName>
<engineerTo>
<item key="63095FFB-F036-113B-9228-5FE67152BBF5" value="true"/>
</engineerTo>
<adequatelyNormalized>NO</adequatelyNormalized>
<expectedVolumes>0</expectedVolumes>
<fwdEngineeringStrategyName>Single Table</fwdEngineeringStrategyName>
<growthPercent>0</growthPercent>
<growthType>Year</growthType>
<maxVolumes>9999999</maxVolumes>
<minVolumes>0</minVolumes>
<normalForm>Third</normalForm>
<attributes itemClass="oracle.dbtools.crest.model.design.logical.Attribute">
<Attribute name="model_name" id="0C2903EA-2D0F-E4D9-15E8-29A9EAB2475A">
<createdBy>dishi</createdBy>
<createdTime>2019-09-24 18:09:27 UTC</createdTime>
<commentInRDBMS>Model Name of the model</commentInRDBMS>
<generatorID>3B760B68-D70E-C212-DDF7-D3CC78A9EC12</generatorID>
<ownerDesignName>DMD_A2</ownerDesignName>
<engineerTo>
<item key="63095FFB-F036-113B-9228-5FE67152BBF5" value="true"/>
</engineerTo>
<referedAttribute>6AF48B9C-37C1-74E6-29C9-F50D2D903A59</referedAttribute>
<useDomainConstraints>false</useDomainConstraints>
<use>1</use>
<logicalDatatype>LOGDT024</logicalDatatype>
<dataTypeSize>50 CHAR</dataTypeSize>
<ownDataTypeParameters>,,</ownDataTypeParameters>
</Attribute>
<Attribute name="eng_typ" id="D01E76C9-2FD2-213A-20F0-C86EFF4C41F3">
<createdBy>dishi</createdBy>
<createdTime>2019-09-24 18:14:02 UTC</createdTime>
<commentInRDBMS>Type of engine. Can be more than one value.</commentInRDBMS>
<generatorID>5C0BE755-6139-5CCA-8855-D92F8E9134D2</generatorID>
<ownerDesignName>DMD_A2</ownerDesignName>
<engineerTo>
<item key="63095FFB-F036-113B-9228-5FE67152BBF5" value="true"/>
</engineerTo>
<referedAttribute>46EA53B2-021E-9BA5-C579-79F74B730AE5</referedAttribute>
<useDomainConstraints>false</useDomainConstraints>
<use>1</use>
<logicalDatatype>LOGDT024</logicalDatatype>
<dataTypeSize>20 CHAR</dataTypeSize>
<ownDataTypeParameters>,,</ownDataTypeParameters>
</Attribute>
</attributes>
<identifiers itemClass="oracle.dbtools.crest.model.design.logical.CandidateKey">
<identifier id="C4D4AC7A-100F-B282-39DD-27F253495C4B" name="ACCOMODATE PK">
<createdBy>dishi</createdBy>
<createdTime>2019-09-24 18:10:03 UTC</createdTime>
<ownerDesignName>DMD_A2</ownerDesignName>
<shouldEngineer>false</shouldEngineer>
<engineerTo>
<item key="63095FFB-F036-113B-9228-5FE67152BBF5" value="false"/>
</engineerTo>
<pk>true</pk>
<usedAttributes>
<attributeRef>0C2903EA-2D0F-E4D9-15E8-29A9EAB2475A</attributeRef>
<attributeRef>D01E76C9-2FD2-213A-20F0-C86EFF4C41F3</attributeRef>
</usedAttributes>
</identifier>
</identifiers>
</Entity>