<?xml version = '1.0' encoding = 'UTF-8'?>
<Entity class="oracle.dbtools.crest.model.design.logical.Entity" directorySegmentName="seg_0" id="0D0479FC-F832-EAD0-9275-2572EB57212B" name="CANCEL_DURATION">
<createdBy>dishi</createdBy>
<createdTime>2019-09-24 21:20:05 UTC</createdTime>
<ownerDesignName>DMD_A2</ownerDesignName>
<engineerTo>
<item key="63095FFB-F036-113B-9228-5FE67152BBF5" value="true"/>
</engineerTo>
<adequatelyNormalized>NO</adequatelyNormalized>
<expectedVolumes>0</expectedVolumes>
<fwdEngineeringStrategyName>Single Table</fwdEngineeringStrategyName>
<growthPercent>0</growthPercent>
<growthType>Year</growthType>
<maxVolumes>9999999</maxVolumes>
<minVolumes>0</minVolumes>
<normalForm>Third</normalForm>
<attributes itemClass="oracle.dbtools.crest.model.design.logical.Attribute">
<Attribute name="cancel_reason" id="0481CC45-481E-E5CF-DFB6-D2FA2BE120E0">
<createdBy>dishi</createdBy>
<createdTime>2019-09-24 21:20:40 UTC</createdTime>
<commentInRDBMS>The reason of cancellation</commentInRDBMS>
<ownerDesignName>DMD_A2</ownerDesignName>
<engineerTo>
<item key="63095FFB-F036-113B-9228-5FE67152BBF5" value="true"/>
</engineerTo>
<useDomainConstraints>false</useDomainConstraints>
<use>1</use>
<logicalDatatype>LOGDT024</logicalDatatype>
<dataTypeSize>20 CHAR</dataTypeSize>
<ownDataTypeParameters>20 CHAR,,</ownDataTypeParameters>
</Attribute>
<Attribute name="cancel_duration_time" id="E66F44B3-E48B-D4BA-14C9-0680A7A18CD2">
<createdBy>dishi</createdBy>
<createdTime>2019-09-24 21:21:15 UTC</createdTime>
<commentInRDBMS>The duration in months causing cancellation</commentInRDBMS>
<ownerDesignName>DMD_A2</ownerDesignName>
<engineerTo>
<item key="63095FFB-F036-113B-9228-5FE67152BBF5" value="true"/>
</engineerTo>
<useDomainConstraints>false</useDomainConstraints>
<use>1</use>
<logicalDatatype>LOGDT019</logicalDatatype>
<dataTypePrecision>0</dataTypePrecision>
<dataTypeScale>4</dataTypeScale>
<ownDataTypeParameters>,0,4</ownDataTypeParameters>
</Attribute>
</attributes>
<identifiers itemClass="oracle.dbtools.crest.model.design.logical.CandidateKey">
<identifier id="E7DCE857-EEE7-CD9C-972B-8A5B593A2650" name="CANCEL_DURATION PK">
<createdBy>dishi</createdBy>
<createdTime>2019-09-24 21:21:04 UTC</createdTime>
<ownerDesignName>DMD_A2</ownerDesignName>
<shouldEngineer>false</shouldEngineer>
<engineerTo>
<item key="63095FFB-F036-113B-9228-5FE67152BBF5" value="false"/>
</engineerTo>
<pk>true</pk>
<usedAttributes>
<attributeRef>0481CC45-481E-E5CF-DFB6-D2FA2BE120E0</attributeRef>
</usedAttributes>
</identifier>
</identifiers>
</Entity>