<?xml version = '1.0' encoding = 'UTF-8'?>
<Entity class="oracle.dbtools.crest.model.design.logical.Entity" directorySegmentName="seg_0" id="22C23B5B-61A9-FFDB-39F5-423E42F50BA2" name="MANF_COUNTRY">
<createdBy>dishi</createdBy>
<createdTime>2019-09-23 16:27:22 UTC</createdTime>
<ownerDesignName>DMD_A2</ownerDesignName>
<engineerTo>
<item key="63095FFB-F036-113B-9228-5FE67152BBF5" value="true"/>
</engineerTo>
<adequatelyNormalized>NO</adequatelyNormalized>
<expectedVolumes>0</expectedVolumes>
<fwdEngineeringStrategyName>Single Table</fwdEngineeringStrategyName>
<growthPercent>0</growthPercent>
<growthType>Year</growthType>
<maxVolumes>9999999</maxVolumes>
<minVolumes>0</minVolumes>
<normalForm>Third</normalForm>
<attributes itemClass="oracle.dbtools.crest.model.design.logical.Attribute">
<Attribute name="manf_country_isocode" id="2D70E797-01D8-82B2-4DF9-B2B138D62FF7">
<createdBy>dishi</createdBy>
<createdTime>2019-09-23 16:27:35 UTC</createdTime>
<commentInRDBMS>Manufacturer Country ISO code</commentInRDBMS>
<ownerDesignName>DMD_A2</ownerDesignName>
<engineerTo>
<item key="63095FFB-F036-113B-9228-5FE67152BBF5" value="true"/>
</engineerTo>
<useDomainConstraints>false</useDomainConstraints>
<use>1</use>
<logicalDatatype>LOGDT024</logicalDatatype>
<dataTypeSize>5 CHAR</dataTypeSize>
<ownDataTypeParameters>5 CHAR,,</ownDataTypeParameters>
</Attribute>
<Attribute name="manf_country_name" id="A6CD6C79-6512-2B7C-B34C-853359CB7880">
<createdBy>dishi</createdBy>
<createdTime>2019-09-23 16:28:22 UTC</createdTime>
<commentInRDBMS>Manufacturer Country Name</commentInRDBMS>
<ownerDesignName>DMD_A2</ownerDesignName>
<engineerTo>
<item key="63095FFB-F036-113B-9228-5FE67152BBF5" value="true"/>
</engineerTo>
<useDomainConstraints>false</useDomainConstraints>
<use>1</use>
<logicalDatatype>LOGDT024</logicalDatatype>
<dataTypeSize>10 CHAR</dataTypeSize>
<ownDataTypeParameters>10 CHAR,,</ownDataTypeParameters>
</Attribute>
</attributes>
<identifiers itemClass="oracle.dbtools.crest.model.design.logical.CandidateKey">
<identifier id="DB4FFFCD-9D95-9E6D-B18D-07E4E29ADAB3" name="MANF_COUNTRY PK">
<createdBy>dishi</createdBy>
<createdTime>2019-09-23 16:28:00 UTC</createdTime>
<ownerDesignName>DMD_A2</ownerDesignName>
<shouldEngineer>false</shouldEngineer>
<engineerTo>
<item key="63095FFB-F036-113B-9228-5FE67152BBF5" value="false"/>
</engineerTo>
<pk>true</pk>
<usedAttributes>
<attributeRef>2D70E797-01D8-82B2-4DF9-B2B138D62FF7</attributeRef>
</usedAttributes>
</identifier>
</identifiers>
</Entity>