<?xml version = '1.0' encoding = 'UTF-8'?>
<Entity class="oracle.dbtools.crest.model.design.logical.Entity" directorySegmentName="seg_0" id="3756E831-02B1-1285-06DB-C39BB2F2E744" name="MANUFACTURER">
<createdBy>dishi</createdBy>
<createdTime>2019-09-23 16:25:05 UTC</createdTime>
<ownerDesignName>DMD_A2</ownerDesignName>
<engineerTo>
<item key="63095FFB-F036-113B-9228-5FE67152BBF5" value="true"/>
</engineerTo>
<adequatelyNormalized>NO</adequatelyNormalized>
<expectedVolumes>0</expectedVolumes>
<fwdEngineeringStrategyName>Single Table</fwdEngineeringStrategyName>
<growthPercent>0</growthPercent>
<growthType>Year</growthType>
<maxVolumes>9999999</maxVolumes>
<minVolumes>0</minVolumes>
<normalForm>Third</normalForm>
<attributes itemClass="oracle.dbtools.crest.model.design.logical.Attribute">
<Attribute name="manf_code" id="7DD76BEE-9703-3869-AB8F-44B0FE7CB89E">
<createdBy>dishi</createdBy>
<createdTime>2019-09-23 16:25:58 UTC</createdTime>
<commentInRDBMS>Manufacturer Code </commentInRDBMS>
<ownerDesignName>DMD_A2</ownerDesignName>
<engineerTo>
<item key="63095FFB-F036-113B-9228-5FE67152BBF5" value="true"/>
</engineerTo>
<useDomainConstraints>false</useDomainConstraints>
<use>1</use>
<logicalDatatype>LOGDT024</logicalDatatype>
<dataTypeSize>5 CHAR</dataTypeSize>
<ownDataTypeParameters>5 CHAR,,</ownDataTypeParameters>
</Attribute>
<Attribute name="manf_name" id="6A06B2E6-31C0-7E5A-5DA3-65F8D9828906">
<createdBy>dishi</createdBy>
<createdTime>2019-09-23 16:26:42 UTC</createdTime>
<commentInRDBMS>Name of Manufacturer</commentInRDBMS>
<ownerDesignName>DMD_A2</ownerDesignName>
<engineerTo>
<item key="63095FFB-F036-113B-9228-5FE67152BBF5" value="true"/>
</engineerTo>
<useDomainConstraints>false</useDomainConstraints>
<use>1</use>
<logicalDatatype>LOGDT024</logicalDatatype>
<dataTypeSize>10 CHAR</dataTypeSize>
<ownDataTypeParameters>10 CHAR,,</ownDataTypeParameters>
</Attribute>
</attributes>
<identifiers itemClass="oracle.dbtools.crest.model.design.logical.CandidateKey">
<identifier id="7C45ACB7-0D2C-8AE2-F35E-9753635CC4C9" name="MANUFACTURER PK">
<createdBy>dishi</createdBy>
<createdTime>2019-09-23 16:26:27 UTC</createdTime>
<ownerDesignName>DMD_A2</ownerDesignName>
<shouldEngineer>false</shouldEngineer>
<engineerTo>
<item key="63095FFB-F036-113B-9228-5FE67152BBF5" value="false"/>
</engineerTo>
<pk>true</pk>
<usedAttributes>
<attributeRef>7DD76BEE-9703-3869-AB8F-44B0FE7CB89E</attributeRef>
</usedAttributes>
</identifier>
</identifiers>
</Entity>