<?xml version = '1.0' encoding = 'UTF-8'?>
<Entity class="oracle.dbtools.crest.model.design.logical.Entity" directorySegmentName="seg_0" id="4D371389-8090-F233-7960-68915F9DF042" name="ENGINE">
<createdBy>dishi</createdBy>
<createdTime>2019-09-23 16:29:00 UTC</createdTime>
<ownerDesignName>DMD_A2</ownerDesignName>
<engineerTo>
<item key="63095FFB-F036-113B-9228-5FE67152BBF5" value="true"/>
</engineerTo>
<adequatelyNormalized>NO</adequatelyNormalized>
<expectedVolumes>0</expectedVolumes>
<fwdEngineeringStrategyName>Single Table</fwdEngineeringStrategyName>
<growthPercent>0</growthPercent>
<growthType>Year</growthType>
<maxVolumes>9999999</maxVolumes>
<minVolumes>0</minVolumes>
<normalForm>Third</normalForm>
<attributes itemClass="oracle.dbtools.crest.model.design.logical.Attribute">
<Attribute name="eng_typ" id="46EA53B2-021E-9BA5-C579-79F74B730AE5">
<createdBy>dishi</createdBy>
<createdTime>2019-09-23 16:29:09 UTC</createdTime>
<commentInRDBMS>Type of engine. Can be more than one value.</commentInRDBMS>
<ownerDesignName>DMD_A2</ownerDesignName>
<engineerTo>
<item key="63095FFB-F036-113B-9228-5FE67152BBF5" value="true"/>
</engineerTo>
<constraintName>eng_typ</constraintName>
<useDomainConstraints>false</useDomainConstraints>
<use>1</use>
<logicalDatatype>LOGDT024</logicalDatatype>
<dataTypeSize>20 CHAR</dataTypeSize>
<listOfValues>
<valueDef value="Diesel Engine" description=""/>
<valueDef value="Electrical Engine" description=""/>
<valueDef value="Gas" description=""/>
<valueDef value="Petrol Engine" description=""/>
</listOfValues>
<ownDataTypeParameters>20 CHAR,,</ownDataTypeParameters>
</Attribute>
</attributes>
<identifiers itemClass="oracle.dbtools.crest.model.design.logical.CandidateKey">
<identifier id="403AECF8-BAED-F4AF-C1CF-BC42C63F10D2" name="ENGINE PK">
<createdBy>skha0063</createdBy>
<createdTime>2019-09-24 06:23:38 UTC</createdTime>
<ownerDesignName>DMD_A2</ownerDesignName>
<shouldEngineer>false</shouldEngineer>
<engineerTo>
<item key="63095FFB-F036-113B-9228-5FE67152BBF5" value="false"/>
</engineerTo>
<pk>true</pk>
<usedAttributes>
<attributeRef>46EA53B2-021E-9BA5-C579-79F74B730AE5</attributeRef>
</usedAttributes>
</identifier>
</identifiers>
</Entity>