<?xml version = '1.0' encoding = 'UTF-8'?>
<Entity class="oracle.dbtools.crest.model.design.logical.Entity" directorySegmentName="seg_0" id="5F8B540A-6A33-0C09-0EEA-FD34449CE71C" name="VEHICE">
<createdBy>dishi</createdBy>
<createdTime>2019-09-25 17:05:54 UTC</createdTime>
<ownerDesignName>DMD_A2</ownerDesignName>
<engineerTo>
<item key="63095FFB-F036-113B-9228-5FE67152BBF5" value="true"/>
</engineerTo>
<adequatelyNormalized>NO</adequatelyNormalized>
<expectedVolumes>0</expectedVolumes>
<fwdEngineeringStrategyName>Single Table</fwdEngineeringStrategyName>
<growthPercent>0</growthPercent>
<growthType>Year</growthType>
<maxVolumes>9999999</maxVolumes>
<minVolumes>0</minVolumes>
<normalForm>Third</normalForm>
<attributes itemClass="oracle.dbtools.crest.model.design.logical.Attribute">
<Attribute name="VIN" id="4DA01BB1-51E4-CC03-F503-5B4EF28AD3F9">
<createdBy>dishi</createdBy>
<createdTime>2019-09-25 17:06:07 UTC</createdTime>
<commentInRDBMS>THE VEHICLE IDENTIFICATION NUMBER</commentInRDBMS>
<ownerDesignName>DMD_A2</ownerDesignName>
<engineerTo>
<item key="63095FFB-F036-113B-9228-5FE67152BBF5" value="true"/>
</engineerTo>
<useDomainConstraints>false</useDomainConstraints>
<use>1</use>
<logicalDatatype>LOGDT024</logicalDatatype>
<dataTypeSize>15 CHAR</dataTypeSize>
<ownDataTypeParameters>15 CHAR,,</ownDataTypeParameters>
</Attribute>
<Attribute name="vehicle_manf_year" id="43F8FAFF-6ACE-5860-CC41-C562267EE7A0">
<createdBy>dishi</createdBy>
<createdTime>2019-09-25 17:06:30 UTC</createdTime>
<commentInRDBMS>the manufcature year of the vehicle</commentInRDBMS>
<ownerDesignName>DMD_A2</ownerDesignName>
<engineerTo>
<item key="63095FFB-F036-113B-9228-5FE67152BBF5" value="true"/>
</engineerTo>
<useDomainConstraints>false</useDomainConstraints>
<use>1</use>
<logicalDatatype>LOGDT019</logicalDatatype>
<dataTypePrecision>0</dataTypePrecision>
<dataTypeScale>4</dataTypeScale>
<ownDataTypeParameters>,0,4</ownDataTypeParameters>
</Attribute>
<Attribute name="vehicle_color" id="D1FC843C-1E80-C762-E8F8-9C562F6D973A">
<createdBy>dishi</createdBy>
<createdTime>2019-09-25 17:07:09 UTC</createdTime>
<commentInRDBMS>The vehicle colour</commentInRDBMS>
<ownerDesignName>DMD_A2</ownerDesignName>
<engineerTo>
<item key="63095FFB-F036-113B-9228-5FE67152BBF5" value="true"/>
</engineerTo>
<useDomainConstraints>false</useDomainConstraints>
<use>1</use>
<logicalDatatype>LOGDT024</logicalDatatype>
<dataTypeSize>10 CHAR</dataTypeSize>
<ownDataTypeParameters>10 CHAR,,</ownDataTypeParameters>
</Attribute>
<Attribute name="model_name" id="D5D6DFB8-A7FB-08AB-CC33-6650B737347F">
<createdBy>dishi</createdBy>
<createdTime>2019-09-25 17:12:46 UTC</createdTime>
<commentInRDBMS>model name</commentInRDBMS>
<generatorID>0B57CEDE-D0EB-6B7F-A171-60E2BED05A6A</generatorID>
<ownerDesignName>DMD_A2</ownerDesignName>
<engineerTo>
<item key="63095FFB-F036-113B-9228-5FE67152BBF5" value="true"/>
</engineerTo>
<referedAttribute>6AF48B9C-37C1-74E6-29C9-F50D2D903A59</referedAttribute>
<useDomainConstraints>false</useDomainConstraints>
<use>1</use>
<logicalDatatype>LOGDT024</logicalDatatype>
<dataTypeSize>50 CHAR</dataTypeSize>
<ownDataTypeParameters>,,</ownDataTypeParameters>
</Attribute>
<Attribute name="vehicle_type_code" id="94C1BAAA-2456-2711-CAAA-03B95D00D541">
<createdBy>dishi</createdBy>
<createdTime>2019-09-25 17:13:28 UTC</createdTime>
<commentInRDBMS>vehicle code</commentInRDBMS>
<generatorID>BF3ABF71-2BEE-ABD6-D57A-EB41F3849FEE</generatorID>
<ownerDesignName>DMD_A2</ownerDesignName>
<engineerTo>
<item key="63095FFB-F036-113B-9228-5FE67152BBF5" value="true"/>
</engineerTo>
<referedAttribute>8D9B2C97-E626-51B0-ED39-64D823EFC23D</referedAttribute>
<useDomainConstraints>false</useDomainConstraints>
<use>1</use>
<logicalDatatype>LOGDT019</logicalDatatype>
<dataTypePrecision>0</dataTypePrecision>
<dataTypeScale>10</dataTypeScale>
<ownDataTypeParameters>,,</ownDataTypeParameters>
</Attribute>
</attributes>
<identifiers itemClass="oracle.dbtools.crest.model.design.logical.CandidateKey">
<identifier id="E84A5040-5C87-1F51-5EEE-70C5B84A038B" name="VEHICE PK">
<createdBy>dishi</createdBy>
<createdTime>2019-09-25 17:13:18 UTC</createdTime>
<ownerDesignName>DMD_A2</ownerDesignName>
<shouldEngineer>false</shouldEngineer>
<engineerTo>
<item key="63095FFB-F036-113B-9228-5FE67152BBF5" value="false"/>
</engineerTo>
<pk>true</pk>
<usedAttributes>
<attributeRef>4DA01BB1-51E4-CC03-F503-5B4EF28AD3F9</attributeRef>
</usedAttributes>
</identifier>
</identifiers>
</Entity>