<?xml version = '1.0' encoding = 'UTF-8'?>
<Entity class="oracle.dbtools.crest.model.design.logical.Entity" directorySegmentName="seg_0" id="6978E1EE-AE24-2D33-958A-487DD907FCDA" name="VEHICLE_TYPE">
<createdBy>dishi</createdBy>
<createdTime>2019-09-25 17:03:39 UTC</createdTime>
<ownerDesignName>DMD_A2</ownerDesignName>
<engineerTo>
<item key="63095FFB-F036-113B-9228-5FE67152BBF5" value="true"/>
</engineerTo>
<adequatelyNormalized>NO</adequatelyNormalized>
<expectedVolumes>0</expectedVolumes>
<fwdEngineeringStrategyName>Single Table</fwdEngineeringStrategyName>
<growthPercent>0</growthPercent>
<growthType>Year</growthType>
<maxVolumes>9999999</maxVolumes>
<minVolumes>0</minVolumes>
<normalForm>Third</normalForm>
<attributes itemClass="oracle.dbtools.crest.model.design.logical.Attribute">
<Attribute name="vehicle_type_code" id="8D9B2C97-E626-51B0-ED39-64D823EFC23D">
<createdBy>dishi</createdBy>
<createdTime>2019-09-25 17:04:31 UTC</createdTime>
<commentInRDBMS>the vehicle type&apos;s code</commentInRDBMS>
<ownerDesignName>DMD_A2</ownerDesignName>
<engineerTo>
<item key="63095FFB-F036-113B-9228-5FE67152BBF5" value="true"/>
</engineerTo>
<useDomainConstraints>false</useDomainConstraints>
<use>1</use>
<logicalDatatype>LOGDT019</logicalDatatype>
<dataTypePrecision>0</dataTypePrecision>
<dataTypeScale>10</dataTypeScale>
<ownDataTypeParameters>,0,10</ownDataTypeParameters>
</Attribute>
<Attribute name="vehicle_type_name" id="5AA4C502-124B-639C-93F7-7C545B30E118">
<createdBy>dishi</createdBy>
<createdTime>2019-09-25 17:04:58 UTC</createdTime>
<commentInRDBMS>The vehicle type name</commentInRDBMS>
<ownerDesignName>DMD_A2</ownerDesignName>
<engineerTo>
<item key="63095FFB-F036-113B-9228-5FE67152BBF5" value="true"/>
</engineerTo>
<constraintName>veh_typ</constraintName>
<useDomainConstraints>false</useDomainConstraints>
<use>1</use>
<logicalDatatype>LOGDT024</logicalDatatype>
<dataTypeSize>20 CHAR</dataTypeSize>
<listOfValues>
<valueDef value="car" description=""/>
<valueDef value="heavy combination truck" description=""/>
<valueDef value="heavy rigid truck" description=""/>
<valueDef value="light rigid truck" description=""/>
<valueDef value="marine" description=""/>
<valueDef value="medium combination truck" description=""/>
<valueDef value="medium rigid truck" description=""/>
<valueDef value="motorcycle" description=""/>
<valueDef value="tractor" description=""/>
</listOfValues>
<ownDataTypeParameters>20 CHAR,,</ownDataTypeParameters>
</Attribute>
</attributes>
<identifiers itemClass="oracle.dbtools.crest.model.design.logical.CandidateKey">
<identifier id="213819BD-569C-9156-FAA6-2E7B1C5D268E" name="VEHICLE_TYPE PK">
<createdBy>dishi</createdBy>
<createdTime>2019-09-25 17:04:47 UTC</createdTime>
<ownerDesignName>DMD_A2</ownerDesignName>
<shouldEngineer>false</shouldEngineer>
<engineerTo>
<item key="63095FFB-F036-113B-9228-5FE67152BBF5" value="false"/>
</engineerTo>
<pk>true</pk>
<usedAttributes>
<attributeRef>8D9B2C97-E626-51B0-ED39-64D823EFC23D</attributeRef>
</usedAttributes>
</identifier>
</identifiers>
</Entity>