<?xml version = '1.0' encoding = 'UTF-8'?>
<Entity class="oracle.dbtools.crest.model.design.logical.Entity" directorySegmentName="seg_0" id="7434131C-8AC9-F49D-2925-323886857BDA" name="POLICE_OFFICER">
<createdBy>dishi</createdBy>
<createdTime>2019-09-23 16:45:22 UTC</createdTime>
<ownerDesignName>DMD_A2</ownerDesignName>
<engineerTo>
<item key="63095FFB-F036-113B-9228-5FE67152BBF5" value="true"/>
</engineerTo>
<adequatelyNormalized>NO</adequatelyNormalized>
<expectedVolumes>0</expectedVolumes>
<fwdEngineeringStrategyName>Single Table</fwdEngineeringStrategyName>
<growthPercent>0</growthPercent>
<growthType>Year</growthType>
<maxVolumes>9999999</maxVolumes>
<minVolumes>0</minVolumes>
<normalForm>Third</normalForm>
<attributes itemClass="oracle.dbtools.crest.model.design.logical.Attribute">
<Attribute name="officer_id" id="BBBD0B8A-E821-E364-4DF4-6F23A43A2396">
<createdBy>dishi</createdBy>
<createdTime>2019-09-23 16:45:39 UTC</createdTime>
<commentInRDBMS>ID of the police officer</commentInRDBMS>
<ownerDesignName>DMD_A2</ownerDesignName>
<engineerTo>
<item key="63095FFB-F036-113B-9228-5FE67152BBF5" value="true"/>
</engineerTo>
<useDomainConstraints>false</useDomainConstraints>
<use>1</use>
<logicalDatatype>LOGDT019</logicalDatatype>
<dataTypePrecision>0</dataTypePrecision>
<dataTypeScale>10</dataTypeScale>
<ownDataTypeParameters>,0,10</ownDataTypeParameters>
</Attribute>
<Attribute name="officer_fname" id="56095ACF-00F7-D226-FA22-7CB05EA50652">
<createdBy>dishi</createdBy>
<createdTime>2019-09-23 16:46:03 UTC</createdTime>
<commentInRDBMS>First name of the police officer</commentInRDBMS>
<ownerDesignName>DMD_A2</ownerDesignName>
<engineerTo>
<item key="63095FFB-F036-113B-9228-5FE67152BBF5" value="true"/>
</engineerTo>
<useDomainConstraints>false</useDomainConstraints>
<use>1</use>
<logicalDatatype>LOGDT024</logicalDatatype>
<dataTypeSize>10 CHAR</dataTypeSize>
<ownDataTypeParameters>10 CHAR,,</ownDataTypeParameters>
</Attribute>
<Attribute name="officer_lname" id="BD04822B-A873-9562-42E3-A5120C0E847C">
<createdBy>dishi</createdBy>
<createdTime>2019-09-23 16:46:25 UTC</createdTime>
<commentInRDBMS>Last name of the police officer</commentInRDBMS>
<ownerDesignName>DMD_A2</ownerDesignName>
<engineerTo>
<item key="63095FFB-F036-113B-9228-5FE67152BBF5" value="true"/>
</engineerTo>
<useDomainConstraints>false</useDomainConstraints>
<use>1</use>
<logicalDatatype>LOGDT024</logicalDatatype>
<dataTypeSize>10 CHAR</dataTypeSize>
<ownDataTypeParameters>10 CHAR,,</ownDataTypeParameters>
</Attribute>
<Attribute name="officer_rank" id="89672B7B-2D93-1554-8321-E44359A3C566">
<createdBy>dishi</createdBy>
<createdTime>2019-09-23 16:46:56 UTC</createdTime>
<commentInRDBMS>Rank of the police officer</commentInRDBMS>
<ownerDesignName>DMD_A2</ownerDesignName>
<engineerTo>
<item key="63095FFB-F036-113B-9228-5FE67152BBF5" value="true"/>
</engineerTo>
<useDomainConstraints>false</useDomainConstraints>
<use>1</use>
<logicalDatatype>LOGDT024</logicalDatatype>
<dataTypeSize>15 CHAR</dataTypeSize>
<ownDataTypeParameters>15 CHAR,,</ownDataTypeParameters>
</Attribute>
</attributes>
<identifiers itemClass="oracle.dbtools.crest.model.design.logical.CandidateKey">
<identifier id="2EFBB84D-3771-5197-3874-41692DBB7BD3" name="POLICE_OFFICER PK">
<createdBy>dishi</createdBy>
<createdTime>2019-09-23 16:45:53 UTC</createdTime>
<ownerDesignName>DMD_A2</ownerDesignName>
<shouldEngineer>false</shouldEngineer>
<engineerTo>
<item key="63095FFB-F036-113B-9228-5FE67152BBF5" value="false"/>
</engineerTo>
<pk>true</pk>
<usedAttributes>
<attributeRef>BBBD0B8A-E821-E364-4DF4-6F23A43A2396</attributeRef>
</usedAttributes>
</identifier>
</identifiers>
</Entity>