<?xml version = '1.0' encoding = 'UTF-8'?>
<Entity class="oracle.dbtools.crest.model.design.logical.Entity" directorySegmentName="seg_0" id="802623C6-D89C-0D05-C5C7-45D37AB65CD2" name="DEMERIT">
<createdBy>dishi</createdBy>
<createdTime>2019-09-23 16:54:07 UTC</createdTime>
<ownerDesignName>DMD_A2</ownerDesignName>
<engineerTo>
<item key="63095FFB-F036-113B-9228-5FE67152BBF5" value="true"/>
</engineerTo>
<adequatelyNormalized>NO</adequatelyNormalized>
<expectedVolumes>0</expectedVolumes>
<fwdEngineeringStrategyName>Single Table</fwdEngineeringStrategyName>
<growthPercent>0</growthPercent>
<growthType>Year</growthType>
<maxVolumes>9999999</maxVolumes>
<minVolumes>0</minVolumes>
<normalForm>Third</normalForm>
<attributes itemClass="oracle.dbtools.crest.model.design.logical.Attribute">
<Attribute name="demerit_code" id="C35BC098-9FD6-2994-EA82-C997F72E702A">
<createdBy>dishi</createdBy>
<createdTime>2019-09-23 16:54:14 UTC</createdTime>
<commentInRDBMS>Code of the demerit</commentInRDBMS>
<ownerDesignName>DMD_A2</ownerDesignName>
<engineerTo>
<item key="63095FFB-F036-113B-9228-5FE67152BBF5" value="true"/>
</engineerTo>
<useDomainConstraints>false</useDomainConstraints>
<use>1</use>
<logicalDatatype>LOGDT024</logicalDatatype>
<dataTypeSize>10 CHAR</dataTypeSize>
<ownDataTypeParameters>10 CHAR,,</ownDataTypeParameters>
</Attribute>
<Attribute name="demerit_desc" id="F778F0BD-72F5-57E2-29F2-F60299B8A430">
<createdBy>dishi</createdBy>
<createdTime>2019-09-23 16:54:46 UTC</createdTime>
<commentInRDBMS>Demerit Description</commentInRDBMS>
<ownerDesignName>DMD_A2</ownerDesignName>
<engineerTo>
<item key="63095FFB-F036-113B-9228-5FE67152BBF5" value="true"/>
</engineerTo>
<useDomainConstraints>false</useDomainConstraints>
<use>1</use>
<logicalDatatype>LOGDT024</logicalDatatype>
<dataTypeSize>10 CHAR</dataTypeSize>
<ownDataTypeParameters>10 CHAR,,</ownDataTypeParameters>
</Attribute>
<Attribute name="demerit_point" id="A4A728DF-2CB8-5DAE-85C2-DBEA107513E6">
<createdBy>dishi</createdBy>
<createdTime>2019-09-23 16:55:13 UTC</createdTime>
<commentInRDBMS>Demerit points for a particular demerit</commentInRDBMS>
<ownerDesignName>DMD_A2</ownerDesignName>
<engineerTo>
<item key="63095FFB-F036-113B-9228-5FE67152BBF5" value="true"/>
</engineerTo>
<useDomainConstraints>false</useDomainConstraints>
<use>1</use>
<logicalDatatype>LOGDT019</logicalDatatype>
<dataTypePrecision>0</dataTypePrecision>
<dataTypeScale>5</dataTypeScale>
<ownDataTypeParameters>,0,5</ownDataTypeParameters>
</Attribute>
<Attribute name="demerit_causing_cancellation" id="701CB6D2-6B1F-BE1B-71AC-47C3A666FB9A">
<createdBy>skha0063</createdBy>
<createdTime>2019-09-24 06:10:25 UTC</createdTime>
<commentInRDBMS>Demerit Causing Cancellation. Yes or No</commentInRDBMS>
<ownerDesignName>DMD_A2</ownerDesignName>
<engineerTo>
<item key="63095FFB-F036-113B-9228-5FE67152BBF5" value="true"/>
</engineerTo>
<useDomainConstraints>false</useDomainConstraints>
<use>1</use>
<logicalDatatype>LOGDT024</logicalDatatype>
<dataTypeSize>4 CHAR</dataTypeSize>
<ownDataTypeParameters>4 CHAR,,</ownDataTypeParameters>
</Attribute>
<Attribute name="demerit_cancellation_duration" id="D58DF8AB-73A8-53D3-D0C2-71255EFE2143">
<createdBy>skha0063</createdBy>
<createdTime>2019-09-24 06:13:27 UTC</createdTime>
<commentInRDBMS>Duration in months of licence cancellation</commentInRDBMS>
<ownerDesignName>DMD_A2</ownerDesignName>
<engineerTo>
<item key="63095FFB-F036-113B-9228-5FE67152BBF5" value="true"/>
</engineerTo>
<useDomainConstraints>false</useDomainConstraints>
<use>1</use>
<logicalDatatype>LOGDT019</logicalDatatype>
<dataTypePrecision>0</dataTypePrecision>
<dataTypeScale>4</dataTypeScale>
<ownDataTypeParameters>,0,4</ownDataTypeParameters>
</Attribute>
</attributes>
<identifiers itemClass="oracle.dbtools.crest.model.design.logical.CandidateKey">
<identifier id="BDED80B0-EE68-0358-DCC5-07B4D5252B10" name="DEMERIT PK">
<createdBy>dishi</createdBy>
<createdTime>2019-09-23 16:54:33 UTC</createdTime>
<ownerDesignName>DMD_A2</ownerDesignName>
<shouldEngineer>false</shouldEngineer>
<engineerTo>
<item key="63095FFB-F036-113B-9228-5FE67152BBF5" value="false"/>
</engineerTo>
<pk>true</pk>
<usedAttributes>
<attributeRef>C35BC098-9FD6-2994-EA82-C997F72E702A</attributeRef>
</usedAttributes>
</identifier>
</identifiers>
</Entity>