<?xml version = '1.0' encoding = 'UTF-8'?>
<Entity class="oracle.dbtools.crest.model.design.logical.Entity" directorySegmentName="seg_0" id="8FF0CEF4-9681-F81E-10B1-82D1F1A13ACD" name="MODEL">
<createdBy>dishi</createdBy>
<createdTime>2019-09-23 16:11:36 UTC</createdTime>
<ownerDesignName>DMD_A2</ownerDesignName>
<engineerTo>
<item key="63095FFB-F036-113B-9228-5FE67152BBF5" value="true"/>
</engineerTo>
<adequatelyNormalized>NO</adequatelyNormalized>
<expectedVolumes>0</expectedVolumes>
<fwdEngineeringStrategyName>Single Table</fwdEngineeringStrategyName>
<growthPercent>0</growthPercent>
<growthType>Year</growthType>
<maxVolumes>9999999</maxVolumes>
<minVolumes>0</minVolumes>
<normalForm>Third</normalForm>
<attributes itemClass="oracle.dbtools.crest.model.design.logical.Attribute">
<Attribute name="model_name" id="6AF48B9C-37C1-74E6-29C9-F50D2D903A59">
<createdBy>dishi</createdBy>
<createdTime>2019-09-23 16:11:47 UTC</createdTime>
<commentInRDBMS>Model Name of the model</commentInRDBMS>
<ownerDesignName>DMD_A2</ownerDesignName>
<engineerTo>
<item key="63095FFB-F036-113B-9228-5FE67152BBF5" value="true"/>
</engineerTo>
<useDomainConstraints>false</useDomainConstraints>
<use>1</use>
<logicalDatatype>LOGDT024</logicalDatatype>
<dataTypeSize>50 CHAR</dataTypeSize>
<ownDataTypeParameters>50 CHAR,,</ownDataTypeParameters>
</Attribute>
<Attribute name="model_transmission_type" id="EFF3A58D-0639-CB87-F647-1C85061241FC">
<createdBy>dishi</createdBy>
<createdTime>2019-09-23 16:13:00 UTC</createdTime>
<commentInRDBMS>Transmission type of Model. One amongst Manual and Automatic</commentInRDBMS>
<ownerDesignName>DMD_A2</ownerDesignName>
<engineerTo>
<item key="63095FFB-F036-113B-9228-5FE67152BBF5" value="true"/>
</engineerTo>
<constraintName>tran_ty</constraintName>
<useDomainConstraints>false</useDomainConstraints>
<use>1</use>
<logicalDatatype>LOGDT024</logicalDatatype>
<dataTypeSize>10 CHAR</dataTypeSize>
<listOfValues>
<valueDef value="automatic" description=""/>
<valueDef value="manual" description=""/>
</listOfValues>
<ownDataTypeParameters>10 CHAR,,</ownDataTypeParameters>
</Attribute>
<Attribute name="model_engine_size" id="70B778A6-59BF-8D13-3282-BD614198EE26">
<createdBy>dishi</createdBy>
<createdTime>2019-09-23 16:15:27 UTC</createdTime>
<commentInRDBMS>Engine size of the model in Litres</commentInRDBMS>
<ownerDesignName>DMD_A2</ownerDesignName>
<engineerTo>
<item key="63095FFB-F036-113B-9228-5FE67152BBF5" value="true"/>
</engineerTo>
<useDomainConstraints>false</useDomainConstraints>
<use>1</use>
<logicalDatatype>LOGDT024</logicalDatatype>
<dataTypeSize>5 CHAR</dataTypeSize>
<ownDataTypeParameters>5 CHAR,,</ownDataTypeParameters>
</Attribute>
<Attribute name="model_laden_clearance" id="AE67CA51-9D43-260A-C732-B195F007BD91">
<createdBy>dishi</createdBy>
<createdTime>2019-09-23 16:17:34 UTC</createdTime>
<commentInRDBMS>Laden clearance of the model in mm</commentInRDBMS>
<ownerDesignName>DMD_A2</ownerDesignName>
<engineerTo>
<item key="63095FFB-F036-113B-9228-5FE67152BBF5" value="true"/>
</engineerTo>
<useDomainConstraints>false</useDomainConstraints>
<use>1</use>
<logicalDatatype>LOGDT024</logicalDatatype>
<dataTypeSize>10 CHAR</dataTypeSize>
<ownDataTypeParameters>10 CHAR,,</ownDataTypeParameters>
</Attribute>
<Attribute name="model_unladen_clearance" id="A6E25333-128A-8D08-40D1-CF37C35EE095">
<createdBy>dishi</createdBy>
<createdTime>2019-09-23 16:18:27 UTC</createdTime>
<commentInRDBMS>Unladen clearance of the model in mm</commentInRDBMS>
<ownerDesignName>DMD_A2</ownerDesignName>
<engineerTo>
<item key="63095FFB-F036-113B-9228-5FE67152BBF5" value="true"/>
</engineerTo>
<useDomainConstraints>false</useDomainConstraints>
<use>1</use>
<logicalDatatype>LOGDT024</logicalDatatype>
<dataTypeSize>10 CHAR</dataTypeSize>
<ownDataTypeParameters>10 CHAR,,</ownDataTypeParameters>
</Attribute>
<Attribute name="manf_code" id="4B91F65F-3001-80B3-EF8E-F3CBD99A2D8D">
<createdBy>skha0063</createdBy>
<createdTime>2019-09-24 06:22:21 UTC</createdTime>
<commentInRDBMS>Manufacturer Code </commentInRDBMS>
<generatorID>0309754F-0C49-FB5A-85AA-AFB8D4E40D01</generatorID>
<ownerDesignName>DMD_A2</ownerDesignName>
<engineerTo>
<item key="63095FFB-F036-113B-9228-5FE67152BBF5" value="true"/>
</engineerTo>
<referedAttribute>7DD76BEE-9703-3869-AB8F-44B0FE7CB89E</referedAttribute>
<useDomainConstraints>false</useDomainConstraints>
<use>1</use>
<logicalDatatype>LOGDT024</logicalDatatype>
<dataTypeSize>5 CHAR</dataTypeSize>
<ownDataTypeParameters>,,</ownDataTypeParameters>
</Attribute>
<Attribute name="manf_country_isocode" id="558F2F17-6E01-AE07-67D5-55AE789E926D">
<createdBy>skha0063</createdBy>
<createdTime>2019-09-24 06:22:55 UTC</createdTime>
<commentInRDBMS>Manufacturer Country ISO code</commentInRDBMS>
<generatorID>427C3B6A-9F51-D310-C304-9B9FF47D0709</generatorID>
<ownerDesignName>DMD_A2</ownerDesignName>
<engineerTo>
<item key="63095FFB-F036-113B-9228-5FE67152BBF5" value="true"/>
</engineerTo>
<referedAttribute>2D70E797-01D8-82B2-4DF9-B2B138D62FF7</referedAttribute>
<useDomainConstraints>false</useDomainConstraints>
<use>1</use>
<logicalDatatype>LOGDT024</logicalDatatype>
<dataTypeSize>5 CHAR</dataTypeSize>
<ownDataTypeParameters>,,</ownDataTypeParameters>
</Attribute>
</attributes>
<identifiers itemClass="oracle.dbtools.crest.model.design.logical.CandidateKey">
<identifier id="83531795-A088-E248-8EEF-547C73058DD2" name="MODEL PK">
<createdBy>dishi</createdBy>
<createdTime>2019-09-23 16:12:42 UTC</createdTime>
<ownerDesignName>DMD_A2</ownerDesignName>
<shouldEngineer>false</shouldEngineer>
<engineerTo>
<item key="63095FFB-F036-113B-9228-5FE67152BBF5" value="false"/>
</engineerTo>
<pk>true</pk>
<usedAttributes>
<attributeRef>6AF48B9C-37C1-74E6-29C9-F50D2D903A59</attributeRef>
</usedAttributes>
</identifier>
</identifiers>
</Entity>