<?xml version = '1.0' encoding = 'UTF-8'?>
<Entity class="oracle.dbtools.crest.model.design.logical.Entity" directorySegmentName="seg_0" id="A0CAD6A7-EB31-C411-3401-1FE9E3D8574A" name="SUSPENSION_DATE">
<createdBy>dishi</createdBy>
<createdTime>2019-09-25 17:10:49 UTC</createdTime>
<ownerDesignName>DMD_A2</ownerDesignName>
<engineerTo>
<item key="63095FFB-F036-113B-9228-5FE67152BBF5" value="true"/>
</engineerTo>
<adequatelyNormalized>NO</adequatelyNormalized>
<expectedVolumes>0</expectedVolumes>
<fwdEngineeringStrategyName>Single Table</fwdEngineeringStrategyName>
<growthPercent>0</growthPercent>
<growthType>Year</growthType>
<maxVolumes>9999999</maxVolumes>
<minVolumes>0</minVolumes>
<normalForm>Third</normalForm>
<attributes itemClass="oracle.dbtools.crest.model.design.logical.Attribute">
<Attribute name="suspension_startdate" id="0C1FDA69-8EE7-ED99-B036-F40ACBE5992A">
<createdBy>dishi</createdBy>
<createdTime>2019-09-25 17:11:04 UTC</createdTime>
<commentInRDBMS>The start  date of the suspension</commentInRDBMS>
<ownerDesignName>DMD_A2</ownerDesignName>
<engineerTo>
<item key="63095FFB-F036-113B-9228-5FE67152BBF5" value="true"/>
</engineerTo>
<useDomainConstraints>false</useDomainConstraints>
<use>1</use>
<logicalDatatype>LOGDT007</logicalDatatype>
<ownDataTypeParameters>,,</ownDataTypeParameters>
</Attribute>
<Attribute name="suspension_enddate" id="4A6D5925-90DB-F7E8-6C5D-98B40BC6E771">
<createdBy>dishi</createdBy>
<createdTime>2019-09-25 17:11:23 UTC</createdTime>
<commentInRDBMS>The end date of the suspension</commentInRDBMS>
<ownerDesignName>DMD_A2</ownerDesignName>
<engineerTo>
<item key="63095FFB-F036-113B-9228-5FE67152BBF5" value="true"/>
</engineerTo>
<useDomainConstraints>false</useDomainConstraints>
<use>1</use>
<logicalDatatype>LOGDT007</logicalDatatype>
<ownDataTypeParameters>,,</ownDataTypeParameters>
</Attribute>
</attributes>
<identifiers itemClass="oracle.dbtools.crest.model.design.logical.CandidateKey">
<identifier id="95D1A2B1-1285-EFC2-BD31-85C575E8884E" name="SUSPENSION_DATE PK">
<createdBy>dishi</createdBy>
<createdTime>2019-09-25 17:11:10 UTC</createdTime>
<ownerDesignName>DMD_A2</ownerDesignName>
<shouldEngineer>false</shouldEngineer>
<engineerTo>
<item key="63095FFB-F036-113B-9228-5FE67152BBF5" value="false"/>
</engineerTo>
<pk>true</pk>
<usedAttributes>
<attributeRef>0C1FDA69-8EE7-ED99-B036-F40ACBE5992A</attributeRef>
</usedAttributes>
</identifier>
</identifiers>
</Entity>