<?xml version = '1.0' encoding = 'UTF-8'?>
<Entity class="oracle.dbtools.crest.model.design.logical.Entity" directorySegmentName="seg_0" id="B0FAD74F-9F0B-0FFC-EEA3-6C8AC82B9EAF" name="LICENCE_TYPE">
<createdBy>dishi</createdBy>
<createdTime>2019-09-25 17:12:07 UTC</createdTime>
<ownerDesignName>DMD_A2</ownerDesignName>
<engineerTo>
<item key="63095FFB-F036-113B-9228-5FE67152BBF5" value="true"/>
</engineerTo>
<adequatelyNormalized>NO</adequatelyNormalized>
<expectedVolumes>0</expectedVolumes>
<fwdEngineeringStrategyName>Single Table</fwdEngineeringStrategyName>
<growthPercent>0</growthPercent>
<growthType>Year</growthType>
<maxVolumes>9999999</maxVolumes>
<minVolumes>0</minVolumes>
<normalForm>Third</normalForm>
<attributes itemClass="oracle.dbtools.crest.model.design.logical.Attribute">
<Attribute name="driver_licence_no" id="B7E6A2B1-B5CF-41D4-42BC-FFD2F0ACBB1D">
<createdBy>dishi</createdBy>
<createdTime>2019-09-25 17:16:50 UTC</createdTime>
<commentInRDBMS>licence number</commentInRDBMS>
<generatorID>D2F69B8C-EE92-360C-F799-3AF4A20BE5FB</generatorID>
<ownerDesignName>DMD_A2</ownerDesignName>
<engineerTo>
<item key="63095FFB-F036-113B-9228-5FE67152BBF5" value="true"/>
</engineerTo>
<referedAttribute>F049B6B3-5301-1342-5C0A-9216ECDD7F12</referedAttribute>
<useDomainConstraints>false</useDomainConstraints>
<use>1</use>
<logicalDatatype>LOGDT019</logicalDatatype>
<dataTypePrecision>0</dataTypePrecision>
<dataTypeScale>10</dataTypeScale>
<ownDataTypeParameters>,,</ownDataTypeParameters>
</Attribute>
<Attribute name="vehicle_type_code" id="D5D8AAB6-28DC-08C7-BDAA-36B385420F1F">
<createdBy>dishi</createdBy>
<createdTime>2019-09-25 17:17:22 UTC</createdTime>
<commentInRDBMS>vehicle type code</commentInRDBMS>
<generatorID>DFF96B1A-3019-7D62-457B-E68C196FCE3D</generatorID>
<ownerDesignName>DMD_A2</ownerDesignName>
<engineerTo>
<item key="63095FFB-F036-113B-9228-5FE67152BBF5" value="true"/>
</engineerTo>
<referedAttribute>8D9B2C97-E626-51B0-ED39-64D823EFC23D</referedAttribute>
<useDomainConstraints>false</useDomainConstraints>
<use>1</use>
<logicalDatatype>LOGDT019</logicalDatatype>
<dataTypePrecision>0</dataTypePrecision>
<dataTypeScale>10</dataTypeScale>
<ownDataTypeParameters>,,</ownDataTypeParameters>
</Attribute>
</attributes>
<identifiers itemClass="oracle.dbtools.crest.model.design.logical.CandidateKey">
<identifier id="85190F5E-B7CB-8799-1E7E-03B68FB6E936" name="LICENCE_TYPE PK">
<createdBy>dishi</createdBy>
<createdTime>2019-09-25 17:19:25 UTC</createdTime>
<ownerDesignName>DMD_A2</ownerDesignName>
<shouldEngineer>false</shouldEngineer>
<engineerTo>
<item key="63095FFB-F036-113B-9228-5FE67152BBF5" value="false"/>
</engineerTo>
<pk>true</pk>
<usedAttributes>
<attributeRef>B7E6A2B1-B5CF-41D4-42BC-FFD2F0ACBB1D</attributeRef>
<attributeRef>D5D8AAB6-28DC-08C7-BDAA-36B385420F1F</attributeRef>
</usedAttributes>
</identifier>
</identifiers>
</Entity>