<?xml version = '1.0' encoding = 'UTF-8'?>
<Entity class="oracle.dbtools.crest.model.design.logical.Entity" directorySegmentName="seg_0" id="B81A280F-0D46-C769-F73A-7F1B5AEA14EE" name="SUSPENSION">
<createdBy>dishi</createdBy>
<createdTime>2019-09-25 17:11:45 UTC</createdTime>
<ownerDesignName>DMD_A2</ownerDesignName>
<engineerTo>
<item key="63095FFB-F036-113B-9228-5FE67152BBF5" value="true"/>
</engineerTo>
<adequatelyNormalized>NO</adequatelyNormalized>
<expectedVolumes>0</expectedVolumes>
<fwdEngineeringStrategyName>Single Table</fwdEngineeringStrategyName>
<growthPercent>0</growthPercent>
<growthType>Year</growthType>
<maxVolumes>9999999</maxVolumes>
<minVolumes>0</minVolumes>
<normalForm>Third</normalForm>
<attributes itemClass="oracle.dbtools.crest.model.design.logical.Attribute">
<Attribute name="driver_licence_no" id="AC27E246-209B-22AC-C45D-50C7B5D48597">
<createdBy>dishi</createdBy>
<createdTime>2019-09-25 17:18:07 UTC</createdTime>
<commentInRDBMS>driver licence number</commentInRDBMS>
<generatorID>ED8671AF-94AD-9A3A-4469-2011B160B61D</generatorID>
<ownerDesignName>DMD_A2</ownerDesignName>
<engineerTo>
<item key="63095FFB-F036-113B-9228-5FE67152BBF5" value="true"/>
</engineerTo>
<referedAttribute>F049B6B3-5301-1342-5C0A-9216ECDD7F12</referedAttribute>
<useDomainConstraints>false</useDomainConstraints>
<use>1</use>
<logicalDatatype>LOGDT019</logicalDatatype>
<dataTypePrecision>0</dataTypePrecision>
<dataTypeScale>10</dataTypeScale>
<ownDataTypeParameters>,,</ownDataTypeParameters>
</Attribute>
<Attribute name="suspension_startdate" id="13C0BC9B-039F-8C00-1047-392F85C42D06">
<createdBy>dishi</createdBy>
<createdTime>2019-09-25 17:18:44 UTC</createdTime>
<commentInRDBMS>suspension start date</commentInRDBMS>
<generatorID>62B57A70-7935-6685-A19C-CDD86DD44354</generatorID>
<ownerDesignName>DMD_A2</ownerDesignName>
<engineerTo>
<item key="63095FFB-F036-113B-9228-5FE67152BBF5" value="true"/>
</engineerTo>
<referedAttribute>0C1FDA69-8EE7-ED99-B036-F40ACBE5992A</referedAttribute>
<useDomainConstraints>false</useDomainConstraints>
<use>1</use>
<logicalDatatype>LOGDT007</logicalDatatype>
<ownDataTypeParameters>,,</ownDataTypeParameters>
</Attribute>
</attributes>
<identifiers itemClass="oracle.dbtools.crest.model.design.logical.CandidateKey">
<identifier id="A0D0FE88-4ED5-8051-B378-0601D6C1F188" name="SUSPENSION PK">
<createdBy>dishi</createdBy>
<createdTime>2019-09-25 17:18:28 UTC</createdTime>
<ownerDesignName>DMD_A2</ownerDesignName>
<shouldEngineer>false</shouldEngineer>
<engineerTo>
<item key="63095FFB-F036-113B-9228-5FE67152BBF5" value="false"/>
</engineerTo>
<pk>true</pk>
<usedAttributes>
<attributeRef>AC27E246-209B-22AC-C45D-50C7B5D48597</attributeRef>
<attributeRef>13C0BC9B-039F-8C00-1047-392F85C42D06</attributeRef>
</usedAttributes>
</identifier>
</identifiers>
</Entity>