<?xml version = '1.0' encoding = 'UTF-8'?>
<Entity class="oracle.dbtools.crest.model.design.logical.Entity" directorySegmentName="seg_0" id="C68DEB68-A5FE-5A3C-E0E9-F25724C39DC4" name="OFFENCE">
<createdBy>dishi</createdBy>
<createdTime>2019-09-23 16:31:16 UTC</createdTime>
<ownerDesignName>DMD_A2</ownerDesignName>
<engineerTo>
<item key="63095FFB-F036-113B-9228-5FE67152BBF5" value="true"/>
</engineerTo>
<adequatelyNormalized>NO</adequatelyNormalized>
<expectedVolumes>0</expectedVolumes>
<fwdEngineeringStrategyName>Single Table</fwdEngineeringStrategyName>
<growthPercent>0</growthPercent>
<growthType>Year</growthType>
<maxVolumes>9999999</maxVolumes>
<minVolumes>0</minVolumes>
<normalForm>Third</normalForm>
<attributes itemClass="oracle.dbtools.crest.model.design.logical.Attribute">
<Attribute name="offence_no" id="84370A1C-C29A-3692-F00F-0FD896C831D4">
<createdBy>dishi</createdBy>
<createdTime>2019-09-23 16:31:33 UTC</createdTime>
<commentInRDBMS>Unique offence number</commentInRDBMS>
<ownerDesignName>DMD_A2</ownerDesignName>
<engineerTo>
<item key="63095FFB-F036-113B-9228-5FE67152BBF5" value="true"/>
</engineerTo>
<useDomainConstraints>false</useDomainConstraints>
<use>1</use>
<logicalDatatype>LOGDT019</logicalDatatype>
<dataTypePrecision>0</dataTypePrecision>
<dataTypeScale>10</dataTypeScale>
<ownDataTypeParameters>,0,10</ownDataTypeParameters>
</Attribute>
<Attribute name="offence_location" id="7968B467-C3C5-4033-6979-4B759A75598E">
<createdBy>dishi</createdBy>
<createdTime>2019-09-23 16:32:12 UTC</createdTime>
<commentInRDBMS>Location at which offence is recorded</commentInRDBMS>
<ownerDesignName>DMD_A2</ownerDesignName>
<engineerTo>
<item key="63095FFB-F036-113B-9228-5FE67152BBF5" value="true"/>
</engineerTo>
<useDomainConstraints>false</useDomainConstraints>
<use>1</use>
<logicalDatatype>LOGDT024</logicalDatatype>
<dataTypeSize>30 CHAR</dataTypeSize>
<ownDataTypeParameters>30 CHAR,,</ownDataTypeParameters>
</Attribute>
<Attribute name="offence_date" id="815DCA98-0102-0DA1-CF74-8C01AEA3B790">
<createdBy>dishi</createdBy>
<createdTime>2019-09-23 16:32:41 UTC</createdTime>
<commentInRDBMS>Date at which offence is recorded</commentInRDBMS>
<ownerDesignName>DMD_A2</ownerDesignName>
<engineerTo>
<item key="63095FFB-F036-113B-9228-5FE67152BBF5" value="true"/>
</engineerTo>
<useDomainConstraints>false</useDomainConstraints>
<use>1</use>
<logicalDatatype>LOGDT007</logicalDatatype>
<ownDataTypeParameters>,,</ownDataTypeParameters>
</Attribute>
<Attribute name="offence_time" id="7808C5D3-4DC0-2E36-C8C0-E4CCB565D447">
<createdBy>dishi</createdBy>
<createdTime>2019-09-23 16:33:02 UTC</createdTime>
<commentInRDBMS>Time at which offence is recorded</commentInRDBMS>
<ownerDesignName>DMD_A2</ownerDesignName>
<engineerTo>
<item key="63095FFB-F036-113B-9228-5FE67152BBF5" value="true"/>
</engineerTo>
<useDomainConstraints>false</useDomainConstraints>
<use>1</use>
<logicalDatatype>LOGDT024</logicalDatatype>
<dataTypeSize>10 CHAR</dataTypeSize>
<ownDataTypeParameters>10 CHAR,,</ownDataTypeParameters>
</Attribute>
<Attribute name="demerit_code" id="3400BDC0-113C-7734-B497-48830CB327A2">
<createdBy>skha0063</createdBy>
<createdTime>2019-09-24 06:41:14 UTC</createdTime>
<commentInRDBMS>Code of the demerit</commentInRDBMS>
<generatorID>C99A0479-ECE0-8EC6-F3AE-2D54728B7FCF</generatorID>
<ownerDesignName>DMD_A2</ownerDesignName>
<engineerTo>
<item key="63095FFB-F036-113B-9228-5FE67152BBF5" value="true"/>
</engineerTo>
<referedAttribute>C35BC098-9FD6-2994-EA82-C997F72E702A</referedAttribute>
<useDomainConstraints>false</useDomainConstraints>
<use>1</use>
<logicalDatatype>LOGDT024</logicalDatatype>
<dataTypeSize>10 CHAR</dataTypeSize>
<ownDataTypeParameters>,,</ownDataTypeParameters>
</Attribute>
<Attribute name="officer_id" id="98641406-BF3F-88E0-336A-D2106A3DC4F8">
<createdBy>skha0063</createdBy>
<createdTime>2019-09-24 06:42:25 UTC</createdTime>
<commentInRDBMS>ID of the police officer</commentInRDBMS>
<generatorID>A2CE2FA8-F343-80CF-37F9-4FE76212B944</generatorID>
<ownerDesignName>DMD_A2</ownerDesignName>
<engineerTo>
<item key="63095FFB-F036-113B-9228-5FE67152BBF5" value="true"/>
</engineerTo>
<referedAttribute>BBBD0B8A-E821-E364-4DF4-6F23A43A2396</referedAttribute>
<useDomainConstraints>false</useDomainConstraints>
<use>1</use>
<logicalDatatype>LOGDT019</logicalDatatype>
<dataTypePrecision>0</dataTypePrecision>
<dataTypeScale>10</dataTypeScale>
<ownDataTypeParameters>,,</ownDataTypeParameters>
</Attribute>
<Attribute name="VIN" id="1B494941-BEA8-952B-5528-BC0620A25685">
<createdBy>dishi</createdBy>
<createdTime>2019-09-25 17:14:19 UTC</createdTime>
<commentInRDBMS>vehicle identification number</commentInRDBMS>
<generatorID>7DE5B492-B470-EE59-9BF7-31305130C90D</generatorID>
<ownerDesignName>DMD_A2</ownerDesignName>
<engineerTo>
<item key="63095FFB-F036-113B-9228-5FE67152BBF5" value="true"/>
</engineerTo>
<referedAttribute>4DA01BB1-51E4-CC03-F503-5B4EF28AD3F9</referedAttribute>
<useDomainConstraints>false</useDomainConstraints>
<use>1</use>
<logicalDatatype>LOGDT024</logicalDatatype>
<dataTypeSize>15 CHAR</dataTypeSize>
<ownDataTypeParameters>,,</ownDataTypeParameters>
</Attribute>
<Attribute name="driver_licence_no" id="BF1EF968-62F0-4CC1-A22F-530392434F45">
<createdBy>dishi</createdBy>
<createdTime>2019-09-25 17:15:14 UTC</createdTime>
<commentInRDBMS>licence number</commentInRDBMS>
<generatorID>4D632B56-1F17-297B-2FBA-F2144E82B7A9</generatorID>
<ownerDesignName>DMD_A2</ownerDesignName>
<engineerTo>
<item key="63095FFB-F036-113B-9228-5FE67152BBF5" value="true"/>
</engineerTo>
<referedAttribute>F049B6B3-5301-1342-5C0A-9216ECDD7F12</referedAttribute>
<useDomainConstraints>false</useDomainConstraints>
<use>1</use>
<logicalDatatype>LOGDT019</logicalDatatype>
<dataTypePrecision>0</dataTypePrecision>
<dataTypeScale>10</dataTypeScale>
<ownDataTypeParameters>,,</ownDataTypeParameters>
</Attribute>
</attributes>
<identifiers itemClass="oracle.dbtools.crest.model.design.logical.CandidateKey">
<identifier id="67259332-26ED-90BE-076C-CC5D6002C463" name="OFFENCE PK">
<createdBy>dishi</createdBy>
<createdTime>2019-09-23 16:31:51 UTC</createdTime>
<ownerDesignName>DMD_A2</ownerDesignName>
<shouldEngineer>false</shouldEngineer>
<engineerTo>
<item key="63095FFB-F036-113B-9228-5FE67152BBF5" value="false"/>
</engineerTo>
<pk>true</pk>
<usedAttributes>
<attributeRef>84370A1C-C29A-3692-F00F-0FD896C831D4</attributeRef>
</usedAttributes>
</identifier>
</identifiers>
</Entity>