<?xml version = '1.0' encoding = 'UTF-8'?>
<Entity class="oracle.dbtools.crest.model.design.logical.Entity" directorySegmentName="seg_0" id="D131C258-5697-E7F5-3418-E77777846F09" name="POLICE_STATION">
<createdBy>dishi</createdBy>
<createdTime>2019-09-23 16:50:25 UTC</createdTime>
<ownerDesignName>DMD_A2</ownerDesignName>
<engineerTo>
<item key="63095FFB-F036-113B-9228-5FE67152BBF5" value="true"/>
</engineerTo>
<adequatelyNormalized>NO</adequatelyNormalized>
<expectedVolumes>0</expectedVolumes>
<fwdEngineeringStrategyName>Single Table</fwdEngineeringStrategyName>
<growthPercent>0</growthPercent>
<growthType>Year</growthType>
<maxVolumes>9999999</maxVolumes>
<minVolumes>0</minVolumes>
<normalForm>Third</normalForm>
<attributes itemClass="oracle.dbtools.crest.model.design.logical.Attribute">
<Attribute name="station_no" id="6FFA6ECD-7E2F-4BB4-8301-F4FE5DF5979C">
<createdBy>dishi</createdBy>
<createdTime>2019-09-23 16:50:51 UTC</createdTime>
<commentInRDBMS>Station number of a police station</commentInRDBMS>
<ownerDesignName>DMD_A2</ownerDesignName>
<engineerTo>
<item key="63095FFB-F036-113B-9228-5FE67152BBF5" value="true"/>
</engineerTo>
<useDomainConstraints>false</useDomainConstraints>
<use>1</use>
<logicalDatatype>LOGDT019</logicalDatatype>
<dataTypePrecision>0</dataTypePrecision>
<dataTypeScale>10</dataTypeScale>
<ownDataTypeParameters>,0,10</ownDataTypeParameters>
</Attribute>
<Attribute name="station_add" id="9B33085B-9774-D653-4437-2E7D7960A39E">
<createdBy>dishi</createdBy>
<createdTime>2019-09-23 16:51:26 UTC</createdTime>
<commentInRDBMS>Address of a police station</commentInRDBMS>
<ownerDesignName>DMD_A2</ownerDesignName>
<engineerTo>
<item key="63095FFB-F036-113B-9228-5FE67152BBF5" value="true"/>
</engineerTo>
<useDomainConstraints>false</useDomainConstraints>
<use>1</use>
<logicalDatatype>LOGDT024</logicalDatatype>
<dataTypeSize>30 CHAR</dataTypeSize>
<ownDataTypeParameters>30 CHAR,,</ownDataTypeParameters>
</Attribute>
<Attribute name="station_phone_no" id="2AC3466A-5E80-C85A-ADB6-73E780A94309">
<createdBy>dishi</createdBy>
<createdTime>2019-09-23 16:52:07 UTC</createdTime>
<commentInRDBMS>Phone number of the police station</commentInRDBMS>
<ownerDesignName>DMD_A2</ownerDesignName>
<engineerTo>
<item key="63095FFB-F036-113B-9228-5FE67152BBF5" value="true"/>
</engineerTo>
<useDomainConstraints>false</useDomainConstraints>
<use>1</use>
<logicalDatatype>LOGDT019</logicalDatatype>
<dataTypePrecision>0</dataTypePrecision>
<dataTypeScale>10</dataTypeScale>
<ownDataTypeParameters>,0,10</ownDataTypeParameters>
</Attribute>
<Attribute name="station_availability" id="3C107289-4027-BBF9-C8D0-4C68AEF09B94">
<createdBy>dishi</createdBy>
<createdTime>2019-09-23 16:52:34 UTC</createdTime>
<commentInRDBMS>The 24 hour availability of the police station. Will be either True or False</commentInRDBMS>
<ownerDesignName>DMD_A2</ownerDesignName>
<engineerTo>
<item key="63095FFB-F036-113B-9228-5FE67152BBF5" value="true"/>
</engineerTo>
<useDomainConstraints>false</useDomainConstraints>
<use>1</use>
<logicalDatatype>LOGDT024</logicalDatatype>
<dataTypeSize>6 CHAR</dataTypeSize>
<ownDataTypeParameters>6 CHAR,,</ownDataTypeParameters>
</Attribute>
<Attribute name="officer_id" id="1BA0B268-3EE0-D24F-BBE6-73420A680709">
<createdBy>skha0063</createdBy>
<createdTime>2019-09-24 06:47:50 UTC</createdTime>
<commentInRDBMS>ID of the police officer</commentInRDBMS>
<generatorID>85D9AD07-FAA7-39F1-3DD2-2BB12B2EEB4F</generatorID>
<ownerDesignName>DMD_A2</ownerDesignName>
<engineerTo>
<item key="63095FFB-F036-113B-9228-5FE67152BBF5" value="true"/>
</engineerTo>
<referedAttribute>BBBD0B8A-E821-E364-4DF4-6F23A43A2396</referedAttribute>
<useDomainConstraints>false</useDomainConstraints>
<use>1</use>
<logicalDatatype>LOGDT019</logicalDatatype>
<dataTypePrecision>0</dataTypePrecision>
<dataTypeScale>10</dataTypeScale>
<ownDataTypeParameters>,,</ownDataTypeParameters>
</Attribute>
</attributes>
<identifiers itemClass="oracle.dbtools.crest.model.design.logical.CandidateKey">
<identifier id="5DFF1511-C3AE-2CEE-9EF4-9A9E3C160AF2" name="POLICE_STATION PK">
<createdBy>dishi</createdBy>
<createdTime>2019-09-23 16:51:02 UTC</createdTime>
<ownerDesignName>DMD_A2</ownerDesignName>
<shouldEngineer>false</shouldEngineer>
<engineerTo>
<item key="63095FFB-F036-113B-9228-5FE67152BBF5" value="false"/>
</engineerTo>
<pk>true</pk>
<usedAttributes>
<attributeRef>6FFA6ECD-7E2F-4BB4-8301-F4FE5DF5979C</attributeRef>
</usedAttributes>
</identifier>
</identifiers>
</Entity>