<?xml version = '1.0' encoding = 'UTF-8'?>
<Entity class="oracle.dbtools.crest.model.design.logical.Entity" directorySegmentName="seg_0" id="E711B5BE-8EF7-21AE-55C4-DFC7B411D7E4" name="DRIVER">
<createdBy>dishi</createdBy>
<createdTime>2019-09-25 16:57:17 UTC</createdTime>
<ownerDesignName>DMD_A2</ownerDesignName>
<engineerTo>
<item key="63095FFB-F036-113B-9228-5FE67152BBF5" value="true"/>
</engineerTo>
<adequatelyNormalized>NO</adequatelyNormalized>
<expectedVolumes>0</expectedVolumes>
<fwdEngineeringStrategyName>Single Table</fwdEngineeringStrategyName>
<growthPercent>0</growthPercent>
<growthType>Year</growthType>
<maxVolumes>9999999</maxVolumes>
<minVolumes>0</minVolumes>
<normalForm>Third</normalForm>
<attributes itemClass="oracle.dbtools.crest.model.design.logical.Attribute">
<Attribute name="driver_licence_no" id="F049B6B3-5301-1342-5C0A-9216ECDD7F12">
<createdBy>dishi</createdBy>
<createdTime>2019-09-25 16:57:28 UTC</createdTime>
<commentInRDBMS>The licence number of the driver</commentInRDBMS>
<ownerDesignName>DMD_A2</ownerDesignName>
<engineerTo>
<item key="63095FFB-F036-113B-9228-5FE67152BBF5" value="true"/>
</engineerTo>
<useDomainConstraints>false</useDomainConstraints>
<use>1</use>
<logicalDatatype>LOGDT019</logicalDatatype>
<dataTypePrecision>0</dataTypePrecision>
<dataTypeScale>10</dataTypeScale>
<ownDataTypeParameters>,0,10</ownDataTypeParameters>
</Attribute>
<Attribute name="driver_licence_status" id="BE331F99-086B-83F7-C89D-9CE49C8BEDCF">
<createdBy>dishi</createdBy>
<createdTime>2019-09-25 16:58:49 UTC</createdTime>
<commentInRDBMS>The licence status of the driver</commentInRDBMS>
<ownerDesignName>DMD_A2</ownerDesignName>
<engineerTo>
<item key="63095FFB-F036-113B-9228-5FE67152BBF5" value="true"/>
</engineerTo>
<useDomainConstraints>false</useDomainConstraints>
<use>1</use>
<logicalDatatype>LOGDT024</logicalDatatype>
<dataTypeSize>20 CHAR</dataTypeSize>
<ownDataTypeParameters>20 CHAR,,</ownDataTypeParameters>
</Attribute>
<Attribute name="driver_fname" id="A9AD5778-B36B-8635-71B1-650B10B89D9E">
<createdBy>dishi</createdBy>
<createdTime>2019-09-25 16:59:30 UTC</createdTime>
<commentInRDBMS>The driver first name</commentInRDBMS>
<ownerDesignName>DMD_A2</ownerDesignName>
<engineerTo>
<item key="63095FFB-F036-113B-9228-5FE67152BBF5" value="true"/>
</engineerTo>
<useDomainConstraints>false</useDomainConstraints>
<use>1</use>
<logicalDatatype>LOGDT024</logicalDatatype>
<dataTypeSize>20 CHAR</dataTypeSize>
<ownDataTypeParameters>20 CHAR,,</ownDataTypeParameters>
</Attribute>
<Attribute name="driver_lname" id="733FE2F7-771E-F1AA-CBF0-FA6ADE3DFBD4">
<createdBy>dishi</createdBy>
<createdTime>2019-09-25 17:00:03 UTC</createdTime>
<commentInRDBMS>The last name of the driver</commentInRDBMS>
<ownerDesignName>DMD_A2</ownerDesignName>
<engineerTo>
<item key="63095FFB-F036-113B-9228-5FE67152BBF5" value="true"/>
</engineerTo>
<useDomainConstraints>false</useDomainConstraints>
<use>1</use>
<logicalDatatype>LOGDT024</logicalDatatype>
<dataTypeSize>20 CHAR</dataTypeSize>
<ownDataTypeParameters>20 CHAR,,</ownDataTypeParameters>
</Attribute>
<Attribute name="driver_street" id="27272F2C-BE85-4FA6-6A9F-2ABDBAA9B8A5">
<createdBy>dishi</createdBy>
<createdTime>2019-09-25 17:00:34 UTC</createdTime>
<commentInRDBMS>The street of the driver</commentInRDBMS>
<ownerDesignName>DMD_A2</ownerDesignName>
<engineerTo>
<item key="63095FFB-F036-113B-9228-5FE67152BBF5" value="true"/>
</engineerTo>
<useDomainConstraints>false</useDomainConstraints>
<use>1</use>
<logicalDatatype>LOGDT024</logicalDatatype>
<dataTypeSize>10 CHAR</dataTypeSize>
<ownDataTypeParameters>10 CHAR,,</ownDataTypeParameters>
</Attribute>
<Attribute name="driver_town" id="2298E11D-8878-54AB-2BCD-A136735F5E78">
<createdBy>dishi</createdBy>
<createdTime>2019-09-25 17:01:16 UTC</createdTime>
<commentInRDBMS>The town of the driver</commentInRDBMS>
<ownerDesignName>DMD_A2</ownerDesignName>
<engineerTo>
<item key="63095FFB-F036-113B-9228-5FE67152BBF5" value="true"/>
</engineerTo>
<useDomainConstraints>false</useDomainConstraints>
<use>1</use>
<logicalDatatype>LOGDT024</logicalDatatype>
<dataTypeSize>10 CHAR</dataTypeSize>
<ownDataTypeParameters>10 CHAR,,</ownDataTypeParameters>
</Attribute>
<Attribute name="driver_postcode" id="7AC67C22-5871-8746-5BC5-15B0AAC3B704">
<createdBy>dishi</createdBy>
<createdTime>2019-09-25 17:01:36 UTC</createdTime>
<commentInRDBMS>The postcode of the driver address</commentInRDBMS>
<ownerDesignName>DMD_A2</ownerDesignName>
<engineerTo>
<item key="63095FFB-F036-113B-9228-5FE67152BBF5" value="true"/>
</engineerTo>
<useDomainConstraints>false</useDomainConstraints>
<use>1</use>
<logicalDatatype>LOGDT019</logicalDatatype>
<dataTypePrecision>0</dataTypePrecision>
<dataTypeScale>5</dataTypeScale>
<ownDataTypeParameters>,0,5</ownDataTypeParameters>
</Attribute>
<Attribute name="driver_dob" id="EF73F787-6FD0-436A-597C-E20F5A4EB293">
<createdBy>dishi</createdBy>
<createdTime>2019-09-25 17:02:02 UTC</createdTime>
<commentInRDBMS>Date of birth of the driver</commentInRDBMS>
<ownerDesignName>DMD_A2</ownerDesignName>
<engineerTo>
<item key="63095FFB-F036-113B-9228-5FE67152BBF5" value="true"/>
</engineerTo>
<useDomainConstraints>false</useDomainConstraints>
<use>1</use>
<logicalDatatype>LOGDT024</logicalDatatype>
<dataTypeSize>15 CHAR</dataTypeSize>
<ownDataTypeParameters>15 CHAR,,</ownDataTypeParameters>
</Attribute>
<Attribute name="driver_licence_expiry_date" id="2066FE5D-631F-5157-EC0F-0B966597A794">
<createdBy>dishi</createdBy>
<createdTime>2019-09-25 17:02:23 UTC</createdTime>
<commentInRDBMS>The driver&apos;s licence expiry date</commentInRDBMS>
<ownerDesignName>DMD_A2</ownerDesignName>
<engineerTo>
<item key="63095FFB-F036-113B-9228-5FE67152BBF5" value="true"/>
</engineerTo>
<useDomainConstraints>false</useDomainConstraints>
<use>1</use>
<logicalDatatype>LOGDT007</logicalDatatype>
<ownDataTypeParameters>,,</ownDataTypeParameters>
</Attribute>
<Attribute name="driver_demerit_point" id="30F79E1F-2FDD-76F8-13C8-91E3746C38DC">
<createdBy>dishi</createdBy>
<createdTime>2019-09-25 17:02:48 UTC</createdTime>
<commentInRDBMS>Demerit points total accumulated by the driver</commentInRDBMS>
<ownerDesignName>DMD_A2</ownerDesignName>
<engineerTo>
<item key="63095FFB-F036-113B-9228-5FE67152BBF5" value="true"/>
</engineerTo>
<useDomainConstraints>false</useDomainConstraints>
<use>1</use>
<logicalDatatype>LOGDT019</logicalDatatype>
<dataTypePrecision>0</dataTypePrecision>
<dataTypeScale>10</dataTypeScale>
<ownDataTypeParameters>,0,10</ownDataTypeParameters>
</Attribute>
</attributes>
<identifiers itemClass="oracle.dbtools.crest.model.design.logical.CandidateKey">
<identifier id="1C334670-1F5B-1774-073A-372585D63131" name="DRIVER PK">
<createdBy>dishi</createdBy>
<createdTime>2019-09-25 16:58:23 UTC</createdTime>
<ownerDesignName>DMD_A2</ownerDesignName>
<shouldEngineer>false</shouldEngineer>
<engineerTo>
<item key="63095FFB-F036-113B-9228-5FE67152BBF5" value="false"/>
</engineerTo>
<pk>true</pk>
<usedAttributes>
<attributeRef>F049B6B3-5301-1342-5C0A-9216ECDD7F12</attributeRef>
</usedAttributes>
</identifier>
</identifiers>
</Entity>