<?xml version = '1.0' encoding = 'UTF-8'?>
<Entity class="oracle.dbtools.crest.model.design.logical.Entity" directorySegmentName="seg_0" id="ED3EE7E2-0670-82AA-1997-3C1D3A41E82B" name="POLICE_ALLOCATION">
<createdBy>dishi</createdBy>
<createdTime>2019-09-23 16:47:55 UTC</createdTime>
<ownerDesignName>DMD_A2</ownerDesignName>
<engineerTo>
<item key="63095FFB-F036-113B-9228-5FE67152BBF5" value="true"/>
</engineerTo>
<adequatelyNormalized>NO</adequatelyNormalized>
<expectedVolumes>0</expectedVolumes>
<fwdEngineeringStrategyName>Single Table</fwdEngineeringStrategyName>
<growthPercent>0</growthPercent>
<growthType>Year</growthType>
<maxVolumes>9999999</maxVolumes>
<minVolumes>0</minVolumes>
<normalForm>Third</normalForm>
<attributes itemClass="oracle.dbtools.crest.model.design.logical.Attribute">
<Attribute name="allocation_start_date" id="93B97731-E4E0-0D70-E5FF-2F7E70EDAC91">
<createdBy>dishi</createdBy>
<createdTime>2019-09-23 16:49:06 UTC</createdTime>
<commentInRDBMS>Start date of the allocation of a police officer to a police station</commentInRDBMS>
<ownerDesignName>DMD_A2</ownerDesignName>
<engineerTo>
<item key="63095FFB-F036-113B-9228-5FE67152BBF5" value="true"/>
</engineerTo>
<useDomainConstraints>false</useDomainConstraints>
<use>1</use>
<logicalDatatype>LOGDT007</logicalDatatype>
<ownDataTypeParameters>,,</ownDataTypeParameters>
</Attribute>
<Attribute name="officer_id" id="397354FB-0F17-457C-590B-36F555D48A1E">
<createdBy>skha0063</createdBy>
<createdTime>2019-09-24 06:43:35 UTC</createdTime>
<commentInRDBMS>ID of the police officer</commentInRDBMS>
<generatorID>4E96345E-9D15-201E-54FA-454CA1DB58F9</generatorID>
<ownerDesignName>DMD_A2</ownerDesignName>
<engineerTo>
<item key="63095FFB-F036-113B-9228-5FE67152BBF5" value="true"/>
</engineerTo>
<referedAttribute>BBBD0B8A-E821-E364-4DF4-6F23A43A2396</referedAttribute>
<useDomainConstraints>false</useDomainConstraints>
<use>1</use>
<logicalDatatype>LOGDT019</logicalDatatype>
<dataTypePrecision>0</dataTypePrecision>
<dataTypeScale>10</dataTypeScale>
<ownDataTypeParameters>,,</ownDataTypeParameters>
</Attribute>
<Attribute name="station_no" id="5C1B2585-9CAF-46AD-B60C-31C25AFCB1C4">
<createdBy>skha0063</createdBy>
<createdTime>2019-09-24 06:44:17 UTC</createdTime>
<commentInRDBMS>Station number of a police station</commentInRDBMS>
<generatorID>7DAC8F23-08FF-17EB-559C-28254DE272C5</generatorID>
<ownerDesignName>DMD_A2</ownerDesignName>
<engineerTo>
<item key="63095FFB-F036-113B-9228-5FE67152BBF5" value="true"/>
</engineerTo>
<referedAttribute>6FFA6ECD-7E2F-4BB4-8301-F4FE5DF5979C</referedAttribute>
<useDomainConstraints>false</useDomainConstraints>
<use>1</use>
<logicalDatatype>LOGDT019</logicalDatatype>
<dataTypePrecision>0</dataTypePrecision>
<dataTypeScale>10</dataTypeScale>
<ownDataTypeParameters>,0,10</ownDataTypeParameters>
</Attribute>
</attributes>
<identifiers itemClass="oracle.dbtools.crest.model.design.logical.CandidateKey">
<identifier id="3C8973E6-7B5B-42EC-550E-6D53A43A78A5" name="POLICE_ALLOCATION PK">
<createdBy>dishi</createdBy>
<createdTime>2019-09-23 16:48:51 UTC</createdTime>
<ownerDesignName>DMD_A2</ownerDesignName>
<shouldEngineer>false</shouldEngineer>
<engineerTo>
<item key="63095FFB-F036-113B-9228-5FE67152BBF5" value="false"/>
</engineerTo>
<pk>true</pk>
<usedAttributes>
<attributeRef>93B97731-E4E0-0D70-E5FF-2F7E70EDAC91</attributeRef>
<attributeRef>397354FB-0F17-457C-590B-36F555D48A1E</attributeRef>
<attributeRef>5C1B2585-9CAF-46AD-B60C-31C25AFCB1C4</attributeRef>
</usedAttributes>
</identifier>
</identifiers>
</Entity>