<?xml version = '1.0' encoding = 'UTF-8'?>
<Relation class="oracle.dbtools.crest.model.design.logical.Relation" name="MANUFACTURER_MODEL" directorySegmentName="seg_0" id="0309754F-0C49-FB5A-85AA-AFB8D4E40D01">
<createdBy>skha0063</createdBy>
<createdTime>2019-09-24 06:22:21 UTC</createdTime>
<ownerDesignName>DMD_A2</ownerDesignName>
<engineerTo>
<item key="63095FFB-F036-113B-9228-5FE67152BBF5" value="true"/>
</engineerTo>
<sourcePk>7C45ACB7-0D2C-8AE2-F35E-9753635CC4C9</sourcePk>
<identifying>false</identifying>
<nameOnSource>manufactured by</nameOnSource>
<optionalSource>false</optionalSource>
<optionalTarget>false</optionalTarget>
<sourceCardinality>1</sourceCardinality>
<sourceEntity>3756E831-02B1-1285-06DB-C39BB2F2E744</sourceEntity>
<targetCardinalityString>*</targetCardinalityString>
<targetEntity>8FF0CEF4-9681-F81E-10B1-82D1F1A13ACD</targetEntity>
<transferable>true</transferable>
</Relation>