<?xml version = '1.0' encoding = 'UTF-8'?>
<Relation class="oracle.dbtools.crest.model.design.logical.Relation" name="MODEL_VEHICLE" directorySegmentName="seg_0" id="0B57CEDE-D0EB-6B7F-A171-60E2BED05A6A">
<createdBy>dishi</createdBy>
<createdTime>2019-09-25 17:12:46 UTC</createdTime>
<ownerDesignName>DMD_A2</ownerDesignName>
<engineerTo>
<item key="63095FFB-F036-113B-9228-5FE67152BBF5" value="true"/>
</engineerTo>
<sourcePk>83531795-A088-E248-8EEF-547C73058DD2</sourcePk>
<identifying>false</identifying>
<nameOnSource>has</nameOnSource>
<optionalSource>false</optionalSource>
<optionalTarget>false</optionalTarget>
<sourceCardinality>1</sourceCardinality>
<sourceEntity>8FF0CEF4-9681-F81E-10B1-82D1F1A13ACD</sourceEntity>
<targetCardinalityString>*</targetCardinalityString>
<targetEntity>5F8B540A-6A33-0C09-0EEA-FD34449CE71C</targetEntity>
<transferable>true</transferable>
</Relation>