<?xml version = '1.0' encoding = 'UTF-8'?>
<Relation class="oracle.dbtools.crest.model.design.logical.Relation" name="MODEL_ACCOMODATE" directorySegmentName="seg_0" id="3B760B68-D70E-C212-DDF7-D3CC78A9EC12">
<createdBy>dishi</createdBy>
<createdTime>2019-09-24 18:09:27 UTC</createdTime>
<ownerDesignName>DMD_A2</ownerDesignName>
<engineerTo>
<item key="63095FFB-F036-113B-9228-5FE67152BBF5" value="true"/>
</engineerTo>
<sourcePk>83531795-A088-E248-8EEF-547C73058DD2</sourcePk>
<identifying>true</identifying>
<nameOnSource>has</nameOnSource>
<optionalSource>false</optionalSource>
<optionalTarget>false</optionalTarget>
<sourceCardinality>1</sourceCardinality>
<sourceEntity>8FF0CEF4-9681-F81E-10B1-82D1F1A13ACD</sourceEntity>
<targetCardinalityString>*</targetCardinalityString>
<targetEntity>06D7E47C-3A52-9FE8-4B10-C7D819F313BB</targetEntity>
<transferable>true</transferable>
</Relation>