<?xml version = '1.0' encoding = 'UTF-8'?>
<Relation class="oracle.dbtools.crest.model.design.logical.Relation" name="MANF_COUNTRY_MODEL" directorySegmentName="seg_0" id="427C3B6A-9F51-D310-C304-9B9FF47D0709">
<createdBy>skha0063</createdBy>
<createdTime>2019-09-24 06:22:55 UTC</createdTime>
<ownerDesignName>DMD_A2</ownerDesignName>
<engineerTo>
<item key="63095FFB-F036-113B-9228-5FE67152BBF5" value="true"/>
</engineerTo>
<sourcePk>DB4FFFCD-9D95-9E6D-B18D-07E4E29ADAB3</sourcePk>
<identifying>false</identifying>
<nameOnSource>manufactured in</nameOnSource>
<optionalSource>false</optionalSource>
<optionalTarget>false</optionalTarget>
<sourceCardinality>1</sourceCardinality>
<sourceEntity>22C23B5B-61A9-FFDB-39F5-423E42F50BA2</sourceEntity>
<targetCardinalityString>*</targetCardinalityString>
<targetEntity>8FF0CEF4-9681-F81E-10B1-82D1F1A13ACD</targetEntity>
<transferable>true</transferable>
</Relation>