<?xml version = '1.0' encoding = 'UTF-8'?>
<Relation class="oracle.dbtools.crest.model.design.logical.Relation" name="DRIVER_CANCELLATION" directorySegmentName="seg_0" id="4AC921CC-6AA7-04C6-1AAE-6254DDA52FFA">
<createdBy>dishi</createdBy>
<createdTime>2019-09-25 19:01:25 UTC</createdTime>
<ownerDesignName>DMD_A2</ownerDesignName>
<engineerTo>
<item key="63095FFB-F036-113B-9228-5FE67152BBF5" value="true"/>
</engineerTo>
<sourcePk>1C334670-1F5B-1774-073A-372585D63131</sourcePk>
<identifying>false</identifying>
<nameOnSource>faces</nameOnSource>
<optionalSource>true</optionalSource>
<optionalTarget>false</optionalTarget>
<sourceCardinality>1</sourceCardinality>
<sourceEntity>E711B5BE-8EF7-21AE-55C4-DFC7B411D7E4</sourceEntity>
<targetCardinalityString>*</targetCardinalityString>
<targetEntity>052B69C2-43B9-CCAE-EB7C-049120B55C26</targetEntity>
<transferable>true</transferable>
</Relation>