<?xml version = '1.0' encoding = 'UTF-8'?>
<Relation class="oracle.dbtools.crest.model.design.logical.Relation" name="DRIVER_OFFENCE" directorySegmentName="seg_0" id="4D632B56-1F17-297B-2FBA-F2144E82B7A9">
<createdBy>dishi</createdBy>
<createdTime>2019-09-25 17:15:14 UTC</createdTime>
<ownerDesignName>DMD_A2</ownerDesignName>
<engineerTo>
<item key="63095FFB-F036-113B-9228-5FE67152BBF5" value="true"/>
</engineerTo>
<sourcePk>1C334670-1F5B-1774-073A-372585D63131</sourcePk>
<identifying>false</identifying>
<nameOnSource>carries_out</nameOnSource>
<optionalSource>true</optionalSource>
<optionalTarget>false</optionalTarget>
<sourceCardinality>1</sourceCardinality>
<sourceEntity>E711B5BE-8EF7-21AE-55C4-DFC7B411D7E4</sourceEntity>
<targetCardinalityString>*</targetCardinalityString>
<targetEntity>C68DEB68-A5FE-5A3C-E0E9-F25724C39DC4</targetEntity>
<transferable>true</transferable>
</Relation>