<?xml version = '1.0' encoding = 'UTF-8'?>
<Relation class="oracle.dbtools.crest.model.design.logical.Relation" name="POLICE_OFFICER_ALLOCATION" directorySegmentName="seg_0" id="4E96345E-9D15-201E-54FA-454CA1DB58F9">
<createdBy>skha0063</createdBy>
<createdTime>2019-09-24 06:43:35 UTC</createdTime>
<ownerDesignName>DMD_A2</ownerDesignName>
<engineerTo>
<item key="63095FFB-F036-113B-9228-5FE67152BBF5" value="true"/>
</engineerTo>
<sourcePk>2EFBB84D-3771-5197-3874-41692DBB7BD3</sourcePk>
<identifying>true</identifying>
<nameOnSource>appears on</nameOnSource>
<optionalSource>false</optionalSource>
<optionalTarget>false</optionalTarget>
<sourceCardinality>1</sourceCardinality>
<sourceEntity>7434131C-8AC9-F49D-2925-323886857BDA</sourceEntity>
<targetCardinalityString>*</targetCardinalityString>
<targetEntity>ED3EE7E2-0670-82AA-1997-3C1D3A41E82B</targetEntity>
<transferable>true</transferable>
</Relation>