<?xml version = '1.0' encoding = 'UTF-8'?>
<Relation class="oracle.dbtools.crest.model.design.logical.Relation" name="ENGINE_ACCOMODATION" directorySegmentName="seg_0" id="5C0BE755-6139-5CCA-8855-D92F8E9134D2">
<createdBy>dishi</createdBy>
<createdTime>2019-09-24 18:11:55 UTC</createdTime>
<ownerDesignName>DMD_A2</ownerDesignName>
<engineerTo>
<item key="63095FFB-F036-113B-9228-5FE67152BBF5" value="true"/>
</engineerTo>
<sourcePk>403AECF8-BAED-F4AF-C1CF-BC42C63F10D2</sourcePk>
<identifying>true</identifying>
<nameOnSource>comes in</nameOnSource>
<optionalSource>false</optionalSource>
<optionalTarget>false</optionalTarget>
<sourceCardinality>1</sourceCardinality>
<sourceEntity>4D371389-8090-F233-7960-68915F9DF042</sourceEntity>
<targetCardinalityString>*</targetCardinalityString>
<targetEntity>06D7E47C-3A52-9FE8-4B10-C7D819F313BB</targetEntity>
<transferable>true</transferable>
</Relation>