<?xml version = '1.0' encoding = 'UTF-8'?>
<Relation class="oracle.dbtools.crest.model.design.logical.Relation" name="SUSPENSIONDATE_SUSPENSION" directorySegmentName="seg_0" id="62B57A70-7935-6685-A19C-CDD86DD44354">
<createdBy>dishi</createdBy>
<createdTime>2019-09-25 17:18:44 UTC</createdTime>
<ownerDesignName>DMD_A2</ownerDesignName>
<engineerTo>
<item key="63095FFB-F036-113B-9228-5FE67152BBF5" value="true"/>
</engineerTo>
<sourcePk>95D1A2B1-1285-EFC2-BD31-85C575E8884E</sourcePk>
<identifying>true</identifying>
<nameOnSource>includes</nameOnSource>
<optionalSource>true</optionalSource>
<optionalTarget>false</optionalTarget>
<sourceCardinality>1</sourceCardinality>
<sourceEntity>A0CAD6A7-EB31-C411-3401-1FE9E3D8574A</sourceEntity>
<targetCardinalityString>*</targetCardinalityString>
<targetEntity>B81A280F-0D46-C769-F73A-7F1B5AEA14EE</targetEntity>
<transferable>true</transferable>
</Relation>