<?xml version = '1.0' encoding = 'UTF-8'?>
<Relation class="oracle.dbtools.crest.model.design.logical.Relation" name="VEHICLE_REGISTRATION" directorySegmentName="seg_0" id="66F8EF39-80ED-D1D0-24D0-2875C312E025">
<createdBy>dishi</createdBy>
<createdTime>2019-09-25 18:52:55 UTC</createdTime>
<ownerDesignName>DMD_A2</ownerDesignName>
<engineerTo>
<item key="63095FFB-F036-113B-9228-5FE67152BBF5" value="true"/>
</engineerTo>
<sourcePk>E84A5040-5C87-1F51-5EEE-70C5B84A038B</sourcePk>
<identifying>true</identifying>
<nameOnSource>has</nameOnSource>
<optionalSource>false</optionalSource>
<optionalTarget>false</optionalTarget>
<sourceCardinality>1</sourceCardinality>
<sourceEntity>5F8B540A-6A33-0C09-0EEA-FD34449CE71C</sourceEntity>
<targetCardinalityString>*</targetCardinalityString>
<targetEntity>000DC0F4-8280-7E4C-4FC6-00C2B998B626</targetEntity>
<transferable>true</transferable>
</Relation>