<?xml version = '1.0' encoding = 'UTF-8'?>
<Relation class="oracle.dbtools.crest.model.design.logical.Relation" name="POLICE_STATION_ALLOCATION" directorySegmentName="seg_0" id="7DAC8F23-08FF-17EB-559C-28254DE272C5">
<createdBy>skha0063</createdBy>
<createdTime>2019-09-24 06:44:17 UTC</createdTime>
<ownerDesignName>DMD_A2</ownerDesignName>
<engineerTo>
<item key="63095FFB-F036-113B-9228-5FE67152BBF5" value="true"/>
</engineerTo>
<sourcePk>5DFF1511-C3AE-2CEE-9EF4-9A9E3C160AF2</sourcePk>
<identifying>true</identifying>
<nameOnSource>has</nameOnSource>
<optionalSource>false</optionalSource>
<optionalTarget>false</optionalTarget>
<sourceCardinality>1</sourceCardinality>
<sourceEntity>D131C258-5697-E7F5-3418-E77777846F09</sourceEntity>
<targetCardinalityString>*</targetCardinalityString>
<targetEntity>ED3EE7E2-0670-82AA-1997-3C1D3A41E82B</targetEntity>
<transferable>true</transferable>
</Relation>