<?xml version = '1.0' encoding = 'UTF-8'?>
<Relation class="oracle.dbtools.crest.model.design.logical.Relation" name="VEHICLE_OFFENCE" directorySegmentName="seg_0" id="7DE5B492-B470-EE59-9BF7-31305130C90D">
<createdBy>dishi</createdBy>
<createdTime>2019-09-25 17:14:19 UTC</createdTime>
<ownerDesignName>DMD_A2</ownerDesignName>
<engineerTo>
<item key="63095FFB-F036-113B-9228-5FE67152BBF5" value="true"/>
</engineerTo>
<sourcePk>E84A5040-5C87-1F51-5EEE-70C5B84A038B</sourcePk>
<identifying>false</identifying>
<nameOnSource>reorded_in</nameOnSource>
<optionalSource>true</optionalSource>
<optionalTarget>false</optionalTarget>
<sourceCardinality>1</sourceCardinality>
<sourceEntity>5F8B540A-6A33-0C09-0EEA-FD34449CE71C</sourceEntity>
<targetCardinalityString>*</targetCardinalityString>
<targetEntity>C68DEB68-A5FE-5A3C-E0E9-F25724C39DC4</targetEntity>
<transferable>true</transferable>
</Relation>