<?xml version = '1.0' encoding = 'UTF-8'?>
<Relation class="oracle.dbtools.crest.model.design.logical.Relation" name="POLICE_OFFICER_STATION" directorySegmentName="seg_0" id="85D9AD07-FAA7-39F1-3DD2-2BB12B2EEB4F">
<createdBy>skha0063</createdBy>
<createdTime>2019-09-24 06:47:50 UTC</createdTime>
<ownerDesignName>DMD_A2</ownerDesignName>
<engineerTo>
<item key="63095FFB-F036-113B-9228-5FE67152BBF5" value="true"/>
</engineerTo>
<sourcePk>2EFBB84D-3771-5197-3874-41692DBB7BD3</sourcePk>
<identifying>false</identifying>
<nameOnTarget>leads</nameOnTarget>
<optionalSource>true</optionalSource>
<optionalTarget>false</optionalTarget>
<sourceCardinality>1</sourceCardinality>
<sourceEntity>7434131C-8AC9-F49D-2925-323886857BDA</sourceEntity>
<targetCardinalityString>*</targetCardinalityString>
<targetEntity>D131C258-5697-E7F5-3418-E77777846F09</targetEntity>
<transferable>true</transferable>
</Relation>