<?xml version = '1.0' encoding = 'UTF-8'?>
<Relation class="oracle.dbtools.crest.model.design.logical.Relation" name="POLICE_OFFICER_OFFENCE" directorySegmentName="seg_0" id="A2CE2FA8-F343-80CF-37F9-4FE76212B944">
<createdBy>skha0063</createdBy>
<createdTime>2019-09-24 06:42:25 UTC</createdTime>
<ownerDesignName>DMD_A2</ownerDesignName>
<engineerTo>
<item key="63095FFB-F036-113B-9228-5FE67152BBF5" value="true"/>
</engineerTo>
<sourcePk>2EFBB84D-3771-5197-3874-41692DBB7BD3</sourcePk>
<identifying>false</identifying>
<nameOnTarget>recorded by</nameOnTarget>
<optionalSource>true</optionalSource>
<optionalTarget>false</optionalTarget>
<sourceCardinality>1</sourceCardinality>
<sourceEntity>7434131C-8AC9-F49D-2925-323886857BDA</sourceEntity>
<targetCardinalityString>*</targetCardinalityString>
<targetEntity>C68DEB68-A5FE-5A3C-E0E9-F25724C39DC4</targetEntity>
<transferable>true</transferable>
</Relation>