<?xml version = '1.0' encoding = 'UTF-8'?>
<Relation class="oracle.dbtools.crest.model.design.logical.Relation" name="VEHICLETYPE_VEHICLE" directorySegmentName="seg_0" id="BF3ABF71-2BEE-ABD6-D57A-EB41F3849FEE">
<createdBy>dishi</createdBy>
<createdTime>2019-09-25 17:13:28 UTC</createdTime>
<ownerDesignName>DMD_A2</ownerDesignName>
<engineerTo>
<item key="63095FFB-F036-113B-9228-5FE67152BBF5" value="true"/>
</engineerTo>
<sourcePk>213819BD-569C-9156-FAA6-2E7B1C5D268E</sourcePk>
<identifying>false</identifying>
<nameOnSource>has</nameOnSource>
<optionalSource>false</optionalSource>
<optionalTarget>false</optionalTarget>
<sourceCardinality>1</sourceCardinality>
<sourceEntity>6978E1EE-AE24-2D33-958A-487DD907FCDA</sourceEntity>
<targetCardinalityString>*</targetCardinalityString>
<targetEntity>5F8B540A-6A33-0C09-0EEA-FD34449CE71C</targetEntity>
<transferable>true</transferable>
<deleteRule>NO ACTION</deleteRule>
</Relation>