<?xml version = '1.0' encoding = 'UTF-8'?>
<Relation class="oracle.dbtools.crest.model.design.logical.Relation" name="DEMERIT_OFFENCE" directorySegmentName="seg_0" id="C99A0479-ECE0-8EC6-F3AE-2D54728B7FCF">
<createdBy>skha0063</createdBy>
<createdTime>2019-09-24 06:41:14 UTC</createdTime>
<ownerDesignName>DMD_A2</ownerDesignName>
<engineerTo>
<item key="63095FFB-F036-113B-9228-5FE67152BBF5" value="true"/>
</engineerTo>
<sourcePk>BDED80B0-EE68-0358-DCC5-07B4D5252B10</sourcePk>
<identifying>false</identifying>
<nameOnSource>appears on</nameOnSource>
<optionalSource>true</optionalSource>
<optionalTarget>false</optionalTarget>
<sourceCardinality>1</sourceCardinality>
<sourceEntity>802623C6-D89C-0D05-C5C7-45D37AB65CD2</sourceEntity>
<targetCardinalityString>*</targetCardinalityString>
<targetEntity>C68DEB68-A5FE-5A3C-E0E9-F25724C39DC4</targetEntity>
<transferable>true</transferable>
</Relation>