<?xml version = '1.0' encoding = 'UTF-8'?>
<Relation class="oracle.dbtools.crest.model.design.logical.Relation" name="DRIVER_LICENCETYPE" directorySegmentName="seg_0" id="D2F69B8C-EE92-360C-F799-3AF4A20BE5FB">
<createdBy>dishi</createdBy>
<createdTime>2019-09-25 17:16:50 UTC</createdTime>
<ownerDesignName>DMD_A2</ownerDesignName>
<engineerTo>
<item key="63095FFB-F036-113B-9228-5FE67152BBF5" value="true"/>
</engineerTo>
<sourcePk>1C334670-1F5B-1774-073A-372585D63131</sourcePk>
<identifying>true</identifying>
<nameOnSource>holds</nameOnSource>
<optionalSource>false</optionalSource>
<optionalTarget>false</optionalTarget>
<sourceCardinality>1</sourceCardinality>
<sourceEntity>E711B5BE-8EF7-21AE-55C4-DFC7B411D7E4</sourceEntity>
<targetCardinalityString>*</targetCardinalityString>
<targetEntity>B0FAD74F-9F0B-0FFC-EEA3-6C8AC82B9EAF</targetEntity>
<transferable>true</transferable>
</Relation>