<?xml version = '1.0' encoding = 'UTF-8'?>
<Relation class="oracle.dbtools.crest.model.design.logical.Relation" name="VEHICLETYPE_LICENCE" directorySegmentName="seg_0" id="DFF96B1A-3019-7D62-457B-E68C196FCE3D">
<createdBy>dishi</createdBy>
<createdTime>2019-09-25 17:17:22 UTC</createdTime>
<ownerDesignName>DMD_A2</ownerDesignName>
<engineerTo>
<item key="63095FFB-F036-113B-9228-5FE67152BBF5" value="true"/>
</engineerTo>
<sourcePk>213819BD-569C-9156-FAA6-2E7B1C5D268E</sourcePk>
<identifying>true</identifying>
<nameOnSource>has</nameOnSource>
<optionalSource>true</optionalSource>
<optionalTarget>false</optionalTarget>
<sourceCardinality>1</sourceCardinality>
<sourceEntity>6978E1EE-AE24-2D33-958A-487DD907FCDA</sourceEntity>
<targetCardinalityString>*</targetCardinalityString>
<targetEntity>B0FAD74F-9F0B-0FFC-EEA3-6C8AC82B9EAF</targetEntity>
<transferable>true</transferable>
</Relation>