<?xml version = '1.0' encoding = 'UTF-8'?>
<Relation class="oracle.dbtools.crest.model.design.logical.Relation" name="DRIVER_SUSPENSION" directorySegmentName="seg_0" id="ED8671AF-94AD-9A3A-4469-2011B160B61D">
<createdBy>dishi</createdBy>
<createdTime>2019-09-25 17:18:07 UTC</createdTime>
<ownerDesignName>DMD_A2</ownerDesignName>
<engineerTo>
<item key="63095FFB-F036-113B-9228-5FE67152BBF5" value="true"/>
</engineerTo>
<sourcePk>1C334670-1F5B-1774-073A-372585D63131</sourcePk>
<identifying>true</identifying>
<nameOnSource>faces</nameOnSource>
<optionalSource>true</optionalSource>
<optionalTarget>false</optionalTarget>
<sourceCardinality>1</sourceCardinality>
<sourceEntity>E711B5BE-8EF7-21AE-55C4-DFC7B411D7E4</sourceEntity>
<targetCardinalityString>*</targetCardinalityString>
<targetEntity>B81A280F-0D46-C769-F73A-7F1B5AEA14EE</targetEntity>
<transferable>true</transferable>
</Relation>