<?xml version = '1.0' encoding = 'UTF-8'?>
<Relation class="oracle.dbtools.crest.model.design.logical.Relation" name="CANCELLATION_CANCELDURATION" directorySegmentName="seg_0" id="EDAF7A07-E3FD-8303-93AF-3E2B06F4AF40">
<createdBy>dishi</createdBy>
<createdTime>2019-09-24 21:22:27 UTC</createdTime>
<ownerDesignName>DMD_A2</ownerDesignName>
<engineerTo>
<item key="63095FFB-F036-113B-9228-5FE67152BBF5" value="true"/>
</engineerTo>
<sourcePk>E7DCE857-EEE7-CD9C-972B-8A5B593A2650</sourcePk>
<identifying>false</identifying>
<nameOnSource>has</nameOnSource>
<optionalSource>true</optionalSource>
<optionalTarget>false</optionalTarget>
<sourceCardinality>1</sourceCardinality>
<sourceEntity>0D0479FC-F832-EAD0-9275-2572EB57212B</sourceEntity>
<targetCardinalityString>*</targetCardinalityString>
<targetEntity>052B69C2-43B9-CCAE-EB7C-049120B55C26</targetEntity>
<transferable>true</transferable>
</Relation>