<?xml version = '1.0' encoding = 'UTF-8'?>
<relationalModel class="oracle.dbtools.crest.model.design.relational.RelationalDesign" name="Relational_1" id="63095FFB-F036-113B-9228-5FE67152BBF5" mainViewID="D4B959FC-ED30-7A66-095D-079E4061E3DE">
<createdBy>dishi</createdBy>
<createdTime>2019-09-23 14:09:26 UTC</createdTime>
<ownerDesignName>logical_model_Asg2</ownerDesignName>
<shouldBeOpen>true</shouldBeOpen>
<selectedRDBMSSite>32076570-2523-435C-2E92-BF29817DFF70</selectedRDBMSSite>
</relationalModel>